Batch_ID,T80,Smiles,Mass,HAcceptors,HDonors,LogP,Rg,TPSA,NumHeteroatoms,HOMOm1(eV),HOMO(eV),LUMO(eV),LUMOp1(eV),PrimeExcite(eV),PrimeExcite(osc),DipoleMoment(Debye),SurfaceCharge,ChargeCorrection,T1,T2,T3,T4,T5,T6,T7,T9,T13,T14,T15,T17,T18,T20,S1,S2,S3,S4,S5,S6,S7,S8,S10,S11,S12,S13,S14,S15,S16,S17,S18,S19,S20,O1,O2,O3,O4,O5,O6,O7,O8,O10,O16,O17,O20,TDOS1.5,TDOS1.6,TDOS1.7,TDOS1.8,TDOS1.9,TDOS2.0,TDOS2.1,TDOS2.2,TDOS2.3,TDOS2.4,TDOS2.5,TDOS2.6,TDOS2.7,TDOS2.8,TDOS2.9,TDOS3.0,TDOS3.1,TDOS3.2,TDOS3.3,TDOS3.5,TDOS3.6,TDOS3.7,TDOS3.8,TDOS3.9,TDOS4.0,TDOS4.1,TDOS4.2,TDOS4.3,TDOS4.4,TDOS4.6,SDOS2.5,SDOS2.6,SDOS3.0,SDOS3.1,SDOS3.2,SDOS3.3,SDOS3.4,SDOS3.5,SDOS3.8,SDOS3.9,SDOS4.0,SDOS4.1,SDOS4.2,SDOS4.5,SDOS4.8,SDOS4.9,SDOS5.1,SDOS5.3,SDOS5.4,T_min,T_max,T_range,S_mean,S_std,S_min,S_max,S_range,min_diff_S_T,O_sum,O_mean,O_std,RDKit_0,RDKit_1,RDKit_2,RDKit_3,RDKit_4,RDKit_6,RDKit_8,RDKit_9,num_atoms,complexity,size_index,hetero_polarity,Ncomplexity,ratio_HDonors_HAcceptors,mass_minus_logP,total_H_bonds,energy_gap,delta_HOMO,ratio_HOMO,hardness,softness,chemical_potential,electrophilicity,combined_orbital_feature,predict
Train-01,103.86,CCCCCCCCCCCCc1ccsc1-c1ccc(-c2cccs2)cc1,410.692,2,0,9.607,5.187320785,0.0,2,-8.8374,-7.8893,0.3472,1.4773,4.604815568,0.98788618,0.57258,-0.03811377,0.00245,3.135243434,3.67396133,4.292212396,4.432520562,4.475070498,4.48609232,4.755835606,5.640073364,6.245628878,6.26787089,6.451262106,6.554413466,6.597794068,6.95769561,4.604815568,5.008457254,5.535707,5.777368816,5.806280952,6.180700552,6.321331066,6.460634994,6.654304152,6.656870538,6.819904238,6.920166864,6.951335436,7.05979314,7.263256718,7.330664644,7.40706112,7.430418952,7.571409008,0.98788618,0.000843274,0.015067809,0.017846764,0.1042932,0.0562222,0.072319067,0.059375332,0.021097233,0.602064323,0.016986895,0.118869603,6.07e-15,3.2e-13,1.31e-11,4.18e-10,1.04e-08,2.01e-07,3.03e-06,3.56e-05,0.000325582,0.002318614,0.012859489,0.055545647,0.186861875,0.489651273,0.999873633,1.593854396,1.996451645,2.013180063,1.768059124,1.745397034,2.002522078,2.04419487,1.765658454,1.463188841,1.631723029,2.629855139,4.422731237,6.485324278,8.017557036,7.95054673,1.75e-24,2.99e-22,2.06e-14,1e-12,3.81e-11,1.13e-09,2.6e-08,4.66e-07,0.000600175,0.003961032,0.02035942,0.081498375,0.254073397,1.717760656,1.224982513,0.664732762,0.096763416,0.030793167,0.057339814,3.135243434,6.95769561,3.822452176,6.5113217373999985,0.821969291025043,4.604815568,7.571409008,2.9665934399999996,1.4695721340000003,2.30799048,0.115399524,0.24282467184334403,410.6919999999995,2.0,0.0,9.606999999999996,0.4973830830439128,0.0,14.0,2.0,28.0,11.8214,79.17226210789235,0.0,4.5936603925,0.0,401.08500000000004,2,8.236500000000001,0.9481000000000002,0.11510955926551822,4.118250000000001,0.24282152787676123,-3.7710500000000002,1.726560808899411,0.18199999999999994,104.82585135760945
Train-02,101.13,CCCCCCCCCCCCc1ccsc1-c1cccs1,334.594,2,0,7.94,4.141424852,0.0,2,-9.087,-8.2034,0.8586,1.8912,5.074786554,0.386291755,1.68691,-0.03947586,0.00243,3.385683034,3.898513906,4.43866997,4.616184534,5.703687502,5.850008698,6.11171808,6.315764364,6.695862248,6.890114112,7.120617728,7.201142738,7.294276514,7.752692564,5.074786554,5.814575214,5.920305358,6.014306994,6.291501478,6.587478932,6.659052586,6.80234867,7.142401014,7.317014446,7.322655536,7.652938256,7.782385774,7.858025972,8.006801972,8.008971622,8.124260624,8.24547587,8.323198932,0.386291755,0.075832998,0.018199986,0.09035645,0.013351275,0.007065736,0.034100903,0.001253982,0.042854075,0.046715201,0.256224781,0.007268341,9.92e-20,9.76e-18,7.48e-16,4.47e-14,2.08e-12,7.52e-11,2.12e-09,4.66e-08,7.96e-07,1.06e-05,0.000110011,0.000888726,0.005591486,0.027397929,0.104556577,0.310793294,0.71983914,1.300788587,1.842463758,1.968110598,1.778527735,1.801241895,2.012835253,2.124073105,1.968890473,1.751188418,1.848447266,2.406232661,3.155961918,3.433183113,7.89e-37,4.35e-34,3.29e-24,5.2e-22,6.4e-20,6.13e-18,4.57e-16,2.65e-14,1.16e-09,2.48e-08,4.13e-07,5.35e-06,5.4e-05,0.012395674,0.299839702,0.525958103,0.764710761,0.414866354,0.225909485,3.385683034,7.752692564,4.367009530000001,7.0920198813000015,0.9323440607411199,5.074786554,8.323198932,3.2484123780000003,1.6891035200000002,1.3636857040000003,0.06818428520000001,0.09977451942012901,334.5939999999994,2.0,0.0,7.940000000000007,0.4926811185840784,0.0,13.0,2.0,22.0,9.188,80.79198130238551,0.0,4.070712426,0.0,326.654,2,9.062000000000001,0.8835999999999995,0.09750605854049227,4.531000000000001,0.2207017831159163,-3.6724,1.488250028691238,0.14900000000000047,95.66671750023667
Train-03,78.3,CN1CCN(S(=O)(=O)c2ccc(-c3ccc(-c4cccs4)cc3)cc2)CC1,398.553,4,0,4.0182,5.36802448,40.62,6,-8.2055,-8.0072,0.073,1.2317,4.591710882,1.277359355,8.93223,-0.03245776,-0.00467,3.175326168,3.780856886,4.331315688,4.494994084,4.526621382,4.553525042,4.610283086,4.782627684,5.68305723,5.749163366,6.122839086,6.454634362,6.607972826,6.692229634,4.591710882,4.634409594,5.073063232,5.185128754,5.42834032,5.658224036,5.81255434,6.131951616,6.434165264,6.598314784,6.63733129,6.680017604,6.724600812,6.932998794,7.01714402,7.038877714,7.054536388,7.081787192,7.08799859,1.277359355,0.080091115,4.67e-05,0.00240545,0.018579193,0.051532398,0.058435223,0.047888691,0.007265778,0.025640577,0.390453977,0.119460059,1.16e-15,6.73e-14,3.05e-12,1.08e-10,2.95e-09,6.32e-08,1.05e-06,1.37e-05,0.000138181,0.001087761,0.006668781,0.031840971,0.118400773,0.342892789,0.773446627,1.359310288,1.864208232,2.008984422,1.753305515,1.278625522,1.537276702,1.917179794,2.069065519,1.920736453,1.823534974,2.326937102,3.813788237,6.257147114,9.167411341,13.37755563,4.54e-24,7.49e-22,4.54e-14,2.15e-12,7.9e-11,2.26e-09,5.06e-08,8.8e-07,0.001034539,0.006626775,0.033068987,0.12856339,0.389410236,2.421162358,1.595867464,0.845839293,0.12787823,0.064782334,0.098908203,3.175326168,6.692229634,3.5169034660000005,6.210514642500001,0.8440957898237027,4.591710882,7.08799859,2.4962877079999997,1.4163847140000003,3.3071881420000007,0.16535940710000002,0.29747859567703067,398.5529999999997,4.0,0.0,4.018200000000003,0.7886478386241347,40.620000000000005,5.0,6.0,27.0,10.90364,74.24573551018241,243.71999999999997,12.746012239999999,0.0,394.5348,4,8.0802,0.19830000000000148,0.024541468708513748,4.0401,0.24751856451113474,-3.9670999999999994,1.9477095133783813,0.9603999999999986,82.27978357453335
Train-04,71.88,O=C1c2ccccc2C(=O)c2cc(-c3ccc(-c4cccs4)s3)ccc21,372.47,4,0,5.919,4.948902733,34.14,4,-9.4901,-7.8554,-1.2507,-0.1538,3.60062716,0.897844853,0.88895,-0.02908699,-0.00124,2.532341092,3.0492881,3.193452044,3.274658944,3.392377954,3.595221632,3.732331114,4.153739134,4.57678369,4.91128173,4.945636588,5.512721108,5.688599136,5.74659698,3.54471218,3.60062716,3.799106742,4.27253677,4.428243252,4.53729606,5.02534333,5.155361156,5.559932692,5.585212214,5.840685402,5.858712094,5.96604158,5.979084276,5.986039554,6.066886912,6.108147456,6.234693842,6.317351308,0.000156216,0.897844853,1.47e-05,0.429227094,0.18854753,0.04113216,0.049683429,0.144917725,0.102638667,0.087946936,3.51e-05,0.021935207,3.27e-06,3.81e-05,0.000345888,0.002445413,0.013464736,0.057740209,0.192848658,0.501761384,1.017737566,1.613686704,2.020804318,2.075713176,1.970094385,2.164960102,3.004217659,4.408822605,5.91276552,6.977305692,7.347864206,6.938209568,6.77174155,6.572326618,6.179941788,5.783546157,5.79609992,6.349942848,7.10270783,7.562311017,7.449946721,6.03448054,4.76e-07,6.57e-06,0.019716824,0.078100018,0.24093241,0.578857256,1.083162136,1.578830631,1.145162407,0.747330176,0.622493249,0.774802169,1.037694425,0.886320229,0.246563906,0.276258684,0.49530407,0.594202926,0.614075196,2.532341092,5.74659698,3.214255888,5.259165890599999,0.9165424594974525,3.54471218,6.317351308,2.7726391280000002,1.012371088,2.7181779749999992,0.13590889874999995,0.20978565554718634,372.4699999999998,4.0,0.0,5.919000000000003,0.7938246330240692,34.14,2.0,4.0,26.0,11.483800000000002,75.26313302809199,136.56,9.8884513665,0.0,366.55100000000004,4,6.6047,1.6346999999999996,0.24750552674526818,3.30235,0.3028145705892559,-4.55305,3.1387139919299885,-0.5377999999999996,71.98160593491373
Train-05,68.37,CC(C)(C)OC(=O)n1ccc2ccc(-c3ccc(-c4ccc(-c5cccs5)s4)cc3)cc21,457.62,5,0,8.5485,5.994750506,31.23,5,-8.3237,-7.5965,-0.0253,0.8398,4.098555636,1.693640746,4.12438,-0.03788661,-0.0031,2.750421912,3.39072902,3.712754672,4.250133584,4.32138489,4.376940328,4.463441174,4.53463049,5.055668838,5.466984886,5.619988604,5.884251974,6.07049473,6.120545456,4.098555636,4.927882652,4.985025034,5.06625673,5.411392254,5.708138384,5.841590456,5.854422386,6.103919738,6.295258072,6.305027696,6.331373446,6.391094612,6.455378242,6.46648685,6.506519992,6.620879144,6.731605682,6.898978682,1.693640746,0.145242116,0.051095243,0.063897357,0.047352107,0.011810445,0.00801241,0.11816581,0.166753542,0.111654517,0.25716549,0.088791058,6.48e-09,1.3e-07,2.04e-06,2.49e-05,0.000236463,0.001749083,0.010075901,0.045204744,0.157947124,0.429805374,0.910936761,1.504108433,1.937448818,1.959854054,1.606889654,1.214999271,1.144717941,1.499924711,2.082576849,2.855082058,2.870141915,2.664497129,2.331600257,2.207380673,2.836512006,4.607640896,7.357967976,10.31012823,12.45044694,12.27260533,4.53e-14,2.18e-12,9.49e-07,1.31e-05,0.000139821,0.001166487,0.007579032,0.038350767,1.108698235,2.063855637,2.992074548,3.37829831,2.970979482,0.487723098,0.36322164,0.474953231,0.440670879,0.234648706,0.183111483,2.750421912,6.120545456,3.370123544,5.9460423661999995,0.7239196151912408,4.098555636,6.898978682,2.8004230459999997,1.3481337240000002,3.545310375,0.17726551875000002,0.37016908652569913,457.6199999999998,5.0,0.0,8.548500000000002,0.6105119291967201,31.23,3.0,5.0,32.0,13.8097,76.33677551804763,156.15,11.120375252999999,0.0,449.0715,5,7.5712,0.7272000000000007,0.0960481699006539,3.7856,0.2641588482251563,-3.8108999999999997,1.9181845427409128,0.13789999999999925,67.16105452566619
Train-06,51.7,c1csc(-c2ccc(-c3ccc(-c4ccc5c(c4)C4(c6ccccc6Oc6ccccc64)c4ccccc4-5)cc3)s2)c1,572.754,3,0,11.2794,5.999278768,9.23,3,-8.2681,-7.5803,-0.143,0.5859,3.999247656,1.968966722,1.15919,-0.03958586,-0.00039,2.659581766,3.317605616,3.6784866,4.03468114,4.185527606,4.214439742,4.293328216,4.35114009,4.515202824,4.544040572,4.657953396,4.739990962,4.809382568,4.876294574,3.999247656,4.754608204,4.941619636,5.034530248,5.138115538,5.232191562,5.3106833,5.31241902,5.571400842,5.626547146,5.782042862,5.819608802,5.868295748,5.89431915,6.022378092,6.10173769,6.160863752,6.216010056,6.326848176,1.968966722,0.185141162,0.02974237,0.003018575,0.05265868,0.000154196,0.013440026,0.003251614,0.147234089,0.09532883,0.177141809,0.07173683,1e-07,1.6e-06,2e-05,0.000194416,0.001471377,0.008672468,0.039809604,0.14231807,0.396243377,0.85922717,1.451348582,1.911326593,1.971354763,1.629168511,1.195018833,1.040189786,1.310639129,1.844192961,2.334186776,2.722411543,2.827333807,3.032747185,3.565826957,4.850778689,7.243257513,10.65747238,14.46454525,17.74825566,19.74769816,19.26688579,2.47e-12,9.23e-11,1.49e-05,0.000160043,0.001337502,0.008705217,0.044125667,0.174192461,2.391126681,3.472565354,3.927792816,3.461238158,2.38116363,0.341194858,0.437977,0.40670478,0.292732471,0.303195686,0.365520463,2.659581766,4.876294574,2.216712808,5.5232885433,0.5796091909323715,3.999247656,6.326848176,2.3276005200000003,1.33966589,3.1058642369999996,0.15529321184999997,0.43176664886119104,572.7540000000013,3.0,0.0,11.279399999999987,0.579598721448061,9.23,3.0,3.0,42.0,19.35588,95.47046014674207,27.69,6.922639384,0.0,561.4746,3,7.4373000000000005,0.6878000000000002,0.09247978534148343,3.7186500000000002,0.2689147220322638,-3.86165,2.005074519314805,0.0410999999999998,48.49874022245688
Train-07,48.0,CC(C)(C)OC(=O)CN1C(=O)CCc2cc(-c3ccc(-c4cccs4)s3)ccc21,425.575,5,0,5.7645,5.358737992,46.61,6,-8.7213,-7.5843,0.1185,1.3115,4.15382592,1.280843228,5.25885,-0.03262271,-0.00318,2.740999432,3.56926022,4.186271486,4.217502048,4.351846776,4.475653204,4.63877369,5.068029644,5.557242326,5.765404746,5.939125522,6.282351754,6.282488132,6.345680738,4.15382592,4.913897708,5.230331862,5.598106134,5.618699212,5.7805675,5.870180244,5.878462108,6.1983801,6.272247384,6.428685348,6.711520922,6.729225266,6.737854274,6.835463728,6.882774496,6.96265481,7.157563768,7.19362955,1.280843228,0.009779431,0.034188953,0.021862563,0.001914607,0.086487052,0.006468397,0.00526707,0.04661414,0.358090832,0.148865362,0.0746452,8.7e-09,1.71e-07,2.61e-06,3.11e-05,0.000288591,0.002084966,0.011731192,0.05140574,0.175431463,0.466261746,0.965114613,1.555814285,1.953393679,1.910999077,1.461626283,0.897144462,0.525504739,0.506082064,0.846224251,1.889085536,2.017468652,1.795906828,1.61126293,1.979402631,3.14789425,4.853714667,6.444721475,7.326500331,7.346600809,6.018519132,3.62e-15,2e-13,1.51e-07,2.39e-06,2.94e-05,0.000281687,0.002101401,0.012208948,0.534249804,1.141876642,1.900730226,2.464045844,2.487755519,0.573623055,0.037166417,0.039435002,0.070479241,0.092866885,0.108029683,2.740999432,6.345680738,3.6046813060000003,6.1544843611,0.7994172877541457,4.15382592,7.19362955,3.0398036299999998,1.4128264879999999,2.688806394,0.1344403197,0.28960238421171447,425.5749999999997,5.0,0.0,5.764500000000005,0.6277351159882774,46.61,4.0,6.0,29.0,11.8529,79.41700475341979,279.65999999999997,13.340368996000002,0.0,419.8105,5,7.7028,1.1369999999999996,0.14760864262233953,3.8514,0.2596457756541061,-3.7329,1.809023005919925,0.056000000000000494,42.86755264293967
Train-08,44.96,Cc1cc(-c2ccc(-c3ccc(-c4cccs4)s3)cc2)c2nnnn2c1,374.494,6,0,5.55672,5.110442961,43.08,6,-8.7868,-7.6818,-0.3399,0.4599,3.988734152,1.592068746,8.95801,-0.03022194,-0.00266,2.647320144,3.157659018,3.702464332,4.272821924,4.303110238,4.43736818,4.458915904,4.728882354,5.311067638,5.39517567,5.540195076,5.765789084,5.778137492,5.865332626,3.988734152,4.861925292,5.006845514,5.290834102,5.398919866,5.599817058,5.7334551,5.857459896,6.027610048,6.067283648,6.28132272,6.30841235,6.327926802,6.511826336,6.629309784,6.685137978,6.693097494,6.763394154,6.796992734,1.592068746,0.097313543,0.007208876,0.027293952,0.030646232,0.0086901,0.050030027,0.023575739,0.010084564,0.052349425,0.006706469,0.079894424,1.43e-07,2.21e-06,2.68e-05,0.000252552,0.001853665,0.010595957,0.047171914,0.163561875,0.441784561,0.930112942,1.529709715,1.980547199,2.07219911,1.893701737,1.768554197,1.887514463,2.088840828,2.07930518,1.821521022,1.657952969,1.9339277,2.103537755,2.014137988,1.955053578,2.492659987,4.003790295,6.29155707,8.610278725,10.16925974,10.65265492,2.95e-12,1.08e-10,1.57e-05,0.000163684,0.00133245,0.008447367,0.041707883,0.160376718,2.034553671,2.878048375,3.170701459,2.720547253,1.818599652,0.159367766,0.197677249,0.214037965,0.164542509,0.149024323,0.161364537,2.647320144,5.865332626,3.218012482,5.9358499704000005,0.7428914688477282,3.988734152,6.796992734,2.8082585819999997,1.341414008,2.338987774,0.1169493887,0.34958152837663575,374.4939999999998,6.0,0.0,5.436200000000004,0.7894997732463226,43.6,4.0,6.0,26.0,11.411344000000001,73.28013042661755,258.48,12.8632214805,0.0,368.93728000000004,6,7.3419,1.1049999999999995,0.15050597930971824,3.67095,0.272408975221952,-4.01085,2.1911109825113386,-0.3051999999999996,43.07025937021653
Train-09,38.74,CCCCCCCCCCCCc1ccsc1-c1ccc(-c2ccc(-c3ccc(-c4cccs4)s3)s2)s1,580.975,5,0,13.1255,6.364665502,0.0,5,-8.3084,-7.4681,-0.2243,0.6184,3.79614362,1.694529622,0.84704,-0.04443431,0.00304,2.553665652,3.015553142,3.515862034,3.77853846,4.172373328,4.324397604,4.388867204,4.473371972,5.3255609,5.49578544,5.555779362,5.837486718,5.875697354,5.970740422,3.79614362,4.653080982,5.184186506,5.281076876,5.402750848,5.496541718,5.637147436,5.641982656,5.789965184,5.81212041,5.934823416,6.054699678,6.176088496,6.214199948,6.415357498,6.42817703,6.492299486,6.547619362,6.632421682,1.694529622,0.202273978,0.046481615,0.056211034,0.008103711,0.00262298,0.02021498,0.018696525,0.065140259,0.018824122,0.005897568,0.002361912,1.87e-06,2.3e-05,0.000220677,0.00164562,0.009557312,0.04323067,0.152317449,0.418188272,0.895724298,1.502377545,1.996122789,2.172322165,2.101305095,2.053515089,2.150995348,2.226715765,2.108357679,1.91807425,1.955601565,2.858496036,3.230295485,3.30542164,3.179085511,3.189055997,3.812263669,5.364300648,7.635851678,9.765657265,10.60890092,7.166338728,2.56e-09,5.78e-08,0.001224584,0.007908678,0.039778225,0.155816449,0.475343527,1.129349212,3.379514468,2.954092979,2.012558898,1.074689226,0.471063428,0.308259133,0.329140265,0.241204551,0.202376189,0.26470722,0.314958211,2.553665652,5.970740422,3.4170747700000006,5.7678465321,0.6944111121950874,3.79614362,6.632421682,2.8362780620000003,1.2424779680000002,2.6091766499999993,0.13045883249999995,0.37274664873509206,580.9750000000016,5.0,0.0,13.125499999999978,0.7661604351945555,0.0,16.0,5.0,37.0,16.225099999999994,91.28129491426415,0.0,8.182332751,0.0,567.8495,5,7.243799999999999,0.8403000000000009,0.1160026345284749,3.6218999999999997,0.2760981042828062,-3.8462,2.042195317374859,0.0023999999999990695,10.053310411192378
Train-10,32.17,Cc1ccc(-c2ccc(-c3ccc(-c4cccs4)s3)cc2)cc1Cc1ccc(-c2ccc(F)cc2)s1,522.735,3,0,10.57742,6.970584117,0.0,4,-8.0563,-7.6057,-0.0308,0.7277,4.08129762,1.690352665,1.70108,-0.03721266,0.0032,2.710797904,3.278564314,3.497636974,3.972579558,4.293415002,4.338407344,4.347036352,4.45912667,4.731535526,4.823466696,4.83931134,4.989860254,5.199807986,5.721391846,4.08129762,4.959212398,5.0187104,5.171986874,5.175594692,5.251036522,5.540269464,5.721850572,5.885119834,6.038904626,6.04421097,6.066192624,6.126434506,6.270375286,6.394169316,6.436458894,6.49549817,6.559707412,6.628491516,1.690352665,0.85807906,0.027607049,0.04153529,0.015294671,0.004021237,0.083032032,0.036179374,0.069004186,0.025383666,0.030103379,0.014101585,2.19e-08,4e-07,5.67e-06,6.26e-05,0.000538396,0.003606849,0.018818336,0.076465225,0.241983736,0.59647046,1.145626125,1.717344717,2.022895804,1.924322497,1.630642883,1.547648438,1.915850588,2.60702759,3.240451946,3.199875419,2.660358113,2.256854305,2.321564301,2.978257194,4.308992773,6.490330544,9.463556603,12.524146,14.67031244,15.36400414,8.98e-14,4.13e-12,1.52e-06,2e-05,0.000204871,0.001637003,0.010186988,0.04937061,1.25399223,2.235750245,3.104416881,3.357225414,2.828545863,0.501777956,1.303113941,1.732565243,1.514203896,0.614495564,0.39170171,2.710797904,5.721391846,3.0105939420000003,5.7865321778,0.6672456359595071,4.08129762,6.628491516,2.5471938960000005,1.3704997159999999,3.2069376270000007,0.16034688135000003,0.40531915559418463,522.7350000000005,3.0,0.0,10.577419999999991,0.5021364845789875,0.0,7.0,4.0,36.0,15.915483999999998,74.99155253482863,0.0,7.4852920585,0.0,512.15758,3,7.5748999999999995,0.45060000000000056,0.05948592595467592,3.7874499999999998,0.2640298184715789,-3.81825,1.924650234656563,0.3078999999999995,18.31873423383953
Train-11,31.94,CC(NC(=O)OC(C)(C)C)c1ccc(-c2ccc(-c3ccc(-c4cccs4)s3)s2)cc1,467.681,5,1,8.4578,6.262055983,38.33,6,-8.6525,-7.467,-0.19,0.884,3.822662942,1.631042206,2.95444,-0.03883536,-0.00128,2.498469756,3.207746938,3.850273288,4.28400492,4.33613851,4.397335038,4.466329908,4.794653744,5.353729156,5.574599526,5.83561462,6.108221844,6.150449432,6.2969442,3.822662942,4.916265726,5.150290374,5.416264668,5.441990518,5.488210262,5.657554544,5.747489636,6.024944478,6.256501924,6.50634642,6.506371216,6.572948476,6.657130896,6.720224318,6.749334822,6.751120134,6.88051806,7.051771634,1.631042206,0.021345493,0.001842697,0.031415173,0.014604879,0.000446604,0.005050648,0.05777835,0.171121532,0.014110137,0.011176103,0.225121239,7.72e-06,8.27e-05,0.000689927,0.00448171,0.022673098,0.089331459,0.27410998,0.655049995,1.219177382,1.767594809,1.998460365,1.773267289,1.28008998,0.889825316,0.876448308,1.249229243,1.748676835,2.007564888,1.839366756,1.11751797,1.21208975,1.647381624,2.151028431,2.573292145,3.16284353,4.370863334,6.256766313,8.173694964,9.218320533,8.002335423,1.04e-09,2.49e-08,0.000689213,0.004756215,0.02556207,0.106993381,0.348774062,0.885437331,3.232637833,3.019091197,2.195947717,1.243933831,0.548841944,0.015415364,0.037489998,0.047133724,0.057203779,0.099877355,0.137647763,2.498469756,6.2969442,3.7984744440000004,6.0120381599999995,0.8143667076856976,3.822662942,7.051771634,3.2291086919999996,1.324193186,2.524448785,0.12622243925,0.3596056174899269,467.68099999999964,5.0,1.0,8.457800000000002,0.8133237831447256,38.33,6.0,6.0,31.0,12.99156,74.6848840995288,229.98,12.9640279915,0.199999960000008,459.22319999999996,6,7.276999999999999,1.1855000000000002,0.16291051767067236,3.6384999999999996,0.2748384568260391,-3.8285,2.0142108355091386,-0.11150000000000015,35.527943163362025
Train-12,24.91,c1ccc([Si](c2ccccc2)(c2ccccc2)c2cccc(-c3ccc(-c4ccc(-c5cccs5)s4)s3)c2)cc1,582.891,3,0,8.2495,6.161435482,0.0,4,-8.73,-7.5506,-0.1444,0.8414,3.912015328,1.622602561,0.77347,-0.04039555,-0.00067,2.59012817,3.238617958,3.873593926,4.192061352,4.200020868,4.203467512,4.283583388,4.398302082,4.809332976,4.811192676,4.811577014,4.887006446,4.89032911,5.264426362,3.912015328,4.956794788,5.050176524,5.442560826,5.50588981,5.506336138,5.511320134,5.529098866,5.668824326,5.766223014,5.971385118,6.04328112,6.238264466,6.273350806,6.287447332,6.362604008,6.420143126,6.508739234,6.533349264,1.622602561,0.030342473,0.004654848,0.021279189,0.016778069,0.000712137,0.004641804,0.000518756,0.005472727,0.107517481,0.14329589,0.042248595,7.06e-07,9.5e-06,9.97e-05,0.000814218,0.005179941,0.025664644,0.099031325,0.297604115,0.696538073,1.269825279,1.804293522,2.00446968,1.768408157,1.330271032,1.076446218,1.22341594,1.647302277,1.983847738,1.939519198,1.212631088,1.250187935,1.826853676,2.935861373,4.64467916,7.116417272,10.20188677,13.09273773,14.75253559,14.89576054,14.60196555,4.86e-11,1.46e-09,9.88e-05,0.000852293,0.005727122,0.029971637,0.122154891,0.387737342,2.766790097,3.230788334,2.938104664,2.080911175,1.147841345,0.047649255,0.049261137,0.066700365,0.072121447,0.089060058,0.121592361,2.59012817,5.264426362,2.674298192,5.752436438,0.641081097269542,3.912015328,6.533349264,2.621333936,1.321887158,2.7596251880000002,0.1379812594,0.3554915394474838,582.8910000000012,3.0,0.0,8.249500000000005,0.6181505049964575,0.0,7.0,4.0,40.0,17.149900000000002,94.6031013551557,0.0,7.080717741,0.0,574.6415,3,7.4062,1.1794000000000002,0.15924493542640825,3.7031,0.27004394425104794,-3.8475,1.998765392508979,-0.19360000000000022,19.06272796417688
Train-13,23.09,CCCCC(CC)COc1c2cc(-c3ccc4oc(-c5ccc(N(c6ccccc6)c6ccccc6)cc5)cc4c3)sc2c(OCC(CC)CCCC)c2ccsc12,806.15,6,0,16.8564,7.934824676,34.84,6,-7.5688,-7.2427,0.0688,0.3255,4.00089659,2.305491788,2.19426,-0.04153712,-0.00119,2.852643422,2.980875936,3.616112262,3.721606844,3.839363048,3.963925754,3.995094326,4.175981146,4.46377592,4.665454186,4.691725548,4.809097414,4.810287622,4.972292288,4.00089659,4.27997557,4.564373292,4.607890272,4.747826498,4.765059718,5.03817526,5.174888006,5.358390804,5.541521662,5.65416989,5.849537574,6.009583356,6.015224446,6.015831948,6.079160932,6.0898976,6.124587204,6.271974628,2.305491788,0.088258446,0.023142225,0.238376873,0.300251327,0.077523953,0.032169816,0.077164834,1.027762462,0.016558767,0.082558413,0.032504055,2.35e-10,6.14e-09,1.25e-07,1.98e-06,2.45e-05,0.000237476,0.001799912,0.01069427,0.049911009,0.183421613,0.532287484,1.223565306,2.234818912,3.25250919,3.781427032,3.526810956,2.688650729,1.845769707,1.576717458,3.582866922,5.45554393,7.378170956,9.070308683,10.42163986,11.39965951,12.01299764,12.30740296,12.35736423,12.36760569,13.47421001,2.71e-12,1.02e-10,1.68e-05,0.000180575,0.001515372,0.009904182,0.05041599,0.199890718,2.786865287,4.079432827,4.671033898,4.210720725,3.049471325,1.100114,1.16963377,1.030110583,1.376164196,2.306987505,2.294970992,2.852643422,4.972292288,2.1196488660000004,5.372239989899999,0.6956054114240914,4.00089659,6.271974628,2.2710780379999997,1.148253168,4.613489645000001,0.23067448225000006,0.5383240200515051,806.150000000002,6.0,0.0,16.856399999999976,0.501629449341235,34.84,23.0,6.0,58.0,24.771279999999994,101.59643487043634,209.04000000000002,13.451412337999999,0.0,789.2936,6,7.3115000000000006,0.3261000000000003,0.04460096497285581,3.6557500000000003,0.27354160608859845,-3.58695,1.7597223965670516,-0.06940000000000024,16.401849637621005
Train-14,19.48,CC(C)(C)c1ccc(-c2ccc(C(C)(C)C)cc2-c2cc3sc(-c4ccc(-c5cccs5)s4)cc3s2)cc1,568.898,4,0,12.3488,5.791844906,0.0,4,-8.4225,-7.6271,-0.1066,0.7072,4.01689001,1.644258674,0.4579,0.02436332,0.0024,2.70883902,3.232952072,3.802268232,3.963615804,3.96977761,4.208910234,4.34847452,4.532175686,4.847022896,5.008891184,5.136726962,5.317155056,5.431278646,5.67983375,4.01689001,4.893465804,5.04480819,5.174776424,5.350803228,5.397308126,5.4569797,5.609028772,5.766086636,5.858228572,5.977348556,5.982134184,6.172629454,6.226374784,6.277801688,6.34783799,6.379105746,6.396698508,6.490241418,1.644258674,0.011503898,0.084519461,0.017180631,0.123546915,0.047027805,0.006969852,0.251953467,0.231928918,0.025739768,0.034655637,0.0395138,2.33e-08,4.22e-07,5.95e-06,6.54e-05,0.000560178,0.003734441,0.01938896,0.078400582,0.246913975,0.605799643,1.158836632,1.733508758,2.050035045,1.989461314,1.762334222,1.704211399,1.898410913,2.089600686,2.011677416,1.721643263,2.330932009,3.61069824,5.150655334,6.362506914,6.939627458,7.11711462,7.445887093,8.302855859,9.593907016,11.41826201,1.06e-12,4.14e-11,7.98e-06,8.95e-05,0.000782062,0.005319627,0.028180443,0.116262813,1.82170533,2.764882444,3.268148085,3.008530781,2.156981486,0.18493438,0.114596106,0.191226222,0.378331609,0.6577288,0.869030385,2.70883902,5.67983375,2.97099473,5.7258352892,0.6268979909669912,4.01689001,6.490241418,2.473351408,1.30805099,2.867038609,0.14335193045,0.3600550186930993,568.8980000000014,4.0,0.0,12.34879999999998,0.44232663326064514,0.0,4.0,4.0,38.0,16.869759999999996,98.22395299064436,0.0,6.895922453,0.0,556.5492,4,7.5205,0.795399999999999,0.10576423033518631,3.76025,0.26593969391936867,-3.8668500000000003,1.9882360112359554,0.018400000000001082,19.710400477795467
Train-15,15.64,Cc1ccc(NC(=O)OC(C)(C)C)cc1-c1cc2sc(-c3ccc(-c4cccs4)s3)cc2s1,509.743,6,1,9.74222,6.572627344,38.33,7,-8.2713,-7.4789,-0.205,0.8155,3.84914507,1.763440008,3.47345,-0.03839898,0.001,2.55925715,3.192485,3.762346672,3.919578108,4.03771865,4.07094529,4.279219292,4.43873196,5.343364428,5.517816686,5.55579176,5.797329596,5.888653264,5.942497778,3.84914507,4.818619078,4.954848302,5.014048752,5.400853954,5.523780124,5.65231019,5.743894216,5.838081822,6.019526552,6.08952566,6.114309262,6.217559806,6.263804346,6.304519378,6.372993532,6.490737338,6.568509992,6.599294226,1.763440008,0.050539895,0.079412894,0.054416947,0.032181305,0.011584714,0.099543689,0.345665502,0.065918416,0.030625506,0.02458761,0.017167032,1.62e-06,2.02e-05,0.000195777,0.001480473,0.008719004,0.039990767,0.142850005,0.397405022,0.861078888,1.453535218,1.914025141,1.978534065,1.653411913,1.257443063,1.152122629,1.432671774,1.852814198,2.046923769,1.886146795,1.765119319,2.554999762,3.942965177,5.567565009,6.963705501,7.791511189,8.033128588,7.963876414,7.811224544,7.475263844,5.428777575,4.62e-10,1.19e-08,0.000428454,0.003159115,0.018140637,0.081127116,0.282556897,0.766429418,3.412944569,3.405660352,2.646691193,1.602035446,0.7560466,0.061907876,0.279792221,0.340863005,0.290043857,0.259636322,0.392452094,2.55925715,5.942497778,3.383240628,5.7809605165999995,0.6983344856996345,3.84914507,6.599294226,2.7501491559999995,1.28988792,3.322285747000001,0.16611428735000006,0.3871340671488467,509.7429999999998,6.0,1.0,9.742219999999993,0.6600166190915723,38.33,5.0,7.0,33.0,14.348443999999999,77.55542734518566,268.31,14.119313672,0.16666663888889352,500.00078,7,7.2739,0.7923999999999998,0.10893741886231333,3.63695,0.2749555877986808,-3.84195,2.0292525058771775,0.2281000000000002,15.174496460649461
Train-16,15.0,CCCCC(CC)COc1c2cc(-c3cccc(-c4c5ccccc5c(-c5cccc6ccccc56)c5ccccc45)c3)sc2c(OCC(CC)CCCC)c2ccsc12,825.196,4,0,17.767,6.893407185,18.46,4,-7.5997,-7.575,-0.2916,-0.0107,3.88094594,0.624679113,3.54543,-0.04022967,-0.00275,2.25203471,2.823793276,3.209891792,3.589952482,3.655029584,3.817691344,3.966541732,4.00852136,4.415014586,4.513578686,4.547264052,4.765902782,4.767328552,4.841629766,3.88094594,4.175919156,4.214427344,4.464904138,4.602968266,4.770353664,4.773577144,4.947273124,5.043469206,5.066293924,5.336123996,5.517953064,5.591721164,5.593332904,5.73816634,5.757916354,5.785005984,5.905018624,5.968620364,0.624679113,0.000396373,0.499491013,0.00361521,0.487366272,0.000197707,0.044088271,0.026814925,0.011942356,0.827790719,0.00786033,0.01255368,0.001696899,0.009814789,0.044211367,0.155102885,0.423798807,0.902071478,1.497022393,1.943734238,2.002863066,1.728982558,1.466481665,1.524783747,1.886814556,2.272668163,2.472929244,2.540562231,2.629323908,2.80015606,3.117359775,4.891965195,6.362199261,7.951752191,9.49334285,10.75426535,11.41812367,11.48354324,11.4571999,11.84889519,12.61832236,13.45533695,5.53e-11,1.54e-09,7.63e-05,0.000609313,0.003789857,0.018367471,0.069406958,0.204800114,1.264959277,1.532413183,1.615930647,1.573465716,1.475865043,1.276163408,0.917993005,0.78485817,0.96878653,1.494546515,1.732633347,2.25203471,4.841629766,2.5895950559999994,5.108046668600001,0.6261439567138884,3.88094594,5.968620364,2.0876744240000003,1.62891123,4.324235193,0.21621175965,0.32134525588174695,825.1960000000022,4.0,0.0,17.76699999999999,0.44334087511848674,18.46,21.0,4.0,60.0,26.053399999999996,119.70798447647708,73.84,9.2927035925,0.0,807.429,4,7.2834,0.024700000000000166,0.0033912728408061242,3.6417,0.27459695345664015,-3.9333,2.1241245695691573,0.2561999999999999,12.179151162578043
Train-17,10.88,CCCCC(CC)COc1c2cc(-c3ccc4oc(-c5ccc6[nH]c(-c7ccccc7F)cc6c5)cc4c3)sc2c(OCC(CC)CCCC)c2ccsc12,772.064,5,1,15.674,7.843849218,47.39,7,-7.7295,-7.3993,0.1969,0.3458,4.169174644,1.20991618,6.71585,-0.03773204,0.00076,2.845477378,3.15237747,3.321870528,3.68245396,3.920024436,3.934269738,4.069965848,4.313028638,4.56264997,4.692295856,4.736457532,4.984851462,5.001923508,5.2493132,4.169174644,4.443108454,4.607059606,4.71142597,4.856123028,4.996964308,5.253615306,5.334090724,5.591510398,5.621823508,5.864799512,5.985791594,6.026680198,6.075119184,6.159685942,6.209984628,6.345184818,6.374977212,6.455229466,1.20991618,1.530007774,0.015160623,0.062867069,0.020943068,1.248743412,0.038885716,0.77101744,0.198094926,0.018001236,0.097017921,0.1888615,2.97e-10,7.57e-09,1.5e-07,2.32e-06,2.8e-05,0.000262718,0.001920464,0.010940189,0.048603772,0.168673566,0.458875004,0.986149052,1.701426743,2.432678623,3.038248187,3.524545353,3.922612517,4.124523137,4.003833924,3.554956709,3.955896631,4.940541606,6.285367795,7.680269049,8.946645916,10.11245074,11.19832877,11.98468867,12.17706898,11.10429371,1.81e-15,1.04e-13,9.16e-08,1.5e-06,1.92e-05,0.000191433,0.001485846,0.008992779,0.456663787,1.052192288,1.950355488,2.976469301,3.852503143,3.765835831,2.394080514,2.738119202,3.103451137,2.608172643,2.239388849,2.845477378,5.2493132,2.4038358219999996,5.528877561699999,0.7025740962916713,4.169174644,6.455229466,2.2860548219999997,1.323697266,5.9019829139999995,0.29509914569999995,0.47915442604451947,772.0640000000018,5.0,1.0,15.673999999999966,0.5213697439118571,47.39,21.0,7.0,55.0,23.63479999999999,98.42921250947323,331.73,15.660924608999998,0.199999960000008,756.39,6,7.5962000000000005,0.3301999999999996,0.04346909725005955,3.7981000000000003,0.263289470185232,-3.6012,1.707253816381875,-0.1812999999999996,2.643594672454651
Train-18,10.8,c1ccc(C(c2ccccc2)(c2ccccc2)n2cnc(-c3ccc(-c4ccc(-c5cccs5)s4)cc3)c2)cc1,550.752,4,0,9.8473,6.158710286,17.82,4,-8.543,-7.5156,0.0059,1.0661,4.050265426,1.739880418,6.24087,-0.0393257,-0.00342,2.708429886,3.440866532,4.046198882,4.18420102,4.192222526,4.20893503,4.318768912,4.462920458,4.856408182,4.87619539,4.89547428,4.929729954,4.935309054,5.244949104,4.050265426,4.949690734,5.124886872,5.505232716,5.534268832,5.547621478,5.591969124,5.752994348,6.043628264,6.054364932,6.150511422,6.228470046,6.27084641,6.293460362,6.356057864,6.450096694,6.470479006,6.474396774,6.54769375,1.739880418,0.001879974,0.066174449,0.00082835,0.035971695,0.019741406,0.00034575,0.015160949,0.012732688,0.019572907,0.033152358,0.005562094,2.36e-08,4.27e-07,6.02e-06,6.61e-05,0.00056483,0.003761596,0.019509823,0.078806297,0.247910601,0.60737509,1.158920061,1.72237545,1.995030418,1.807978633,1.312316119,0.864931718,0.760257247,1.063465476,1.583823596,1.973160139,1.695777677,1.613398211,2.29496789,4.067765234,6.752598155,9.598668598,11.62315302,12.28368089,11.96210888,12.7756423,3.12e-13,1.33e-11,3.57e-06,4.35e-05,0.000412788,0.003052141,0.017575519,0.078820298,1.586302715,2.617107077,3.362662669,3.364895403,2.622328454,0.278242775,0.041324923,0.07490384,0.144331834,0.152028083,0.159214173,2.708429886,5.244949104,2.536519218,5.862722227099999,0.6292271038595239,4.050265426,6.54769375,2.4974283239999995,1.3418355400000004,2.3176493670000005,0.11588246835000002,0.38356518936318534,550.7520000000013,4.0,0.0,9.847299999999995,0.6534633260579129,17.82,7.0,4.0,40.0,17.469459999999998,89.42650084149439,71.28,8.861355143,0.0,540.9046999999999,4,7.5215,1.0273999999999992,0.13659507590306766,3.76075,0.265904336660417,-3.7548500000000002,1.8744796280662106,0.03280000000000083,17.649243749303043
Train-19,10.6,CCCCC(CC)COc1c2cc(-c3ccc(-c4nc(C#N)cs4)[se]3)sc2c(OCC(CC)CCCC)c2ccsc12,683.867,7,0,11.02558,5.712217598,55.14,8,-8.2315,-7.5875,-0.754,0.4428,3.688801736,1.380298216,8.05218,-0.02938722,2e-05,2.388747456,2.990732346,3.547266168,3.623476674,3.84319403,4.051406042,4.086145238,4.748843134,4.938383758,4.960018268,5.046630696,5.371421102,5.527449932,5.864973084,3.688801736,4.12121918,4.626363292,4.933957672,4.981032878,5.121068288,5.348596384,5.407375302,5.560031876,5.735240412,5.74262962,6.00100394,6.066514972,6.105469488,6.112821502,6.208930798,6.213344486,6.295679604,6.38441209,1.380298216,0.17585887,0.005934046,0.018997229,0.163063892,0.120581516,0.000701347,0.016428747,0.072775324,0.025084223,0.087486652,0.001801578,0.000102782,0.000836711,0.005304692,0.026192199,0.100719115,0.301638231,0.703597017,1.278655034,1.812812965,2.016993706,1.807092343,1.437737176,1.287993019,1.508992407,1.889184572,2.074217281,1.952322507,1.819821305,2.124221981,4.195735953,5.139392263,5.626987973,5.82045101,5.897377425,5.720691105,5.025903624,3.909521656,3.000735003,3.104161139,7.502646285,5.86e-08,1.01e-06,0.007315267,0.036124881,0.138937949,0.41619475,0.971183874,1.766181634,2.455581189,1.766840762,1.112588252,0.681837655,0.431037261,0.092371451,0.3228163,0.477562577,0.599982861,0.53820701,0.550405359,2.388747456,5.864973084,3.476225628,5.508095414199999,0.7457569859746374,3.688801736,6.38441209,2.695610354,1.30005428,2.6510078469999994,0.13255039234999996,0.3009498657796491,683.8670000000014,7.0,0.0,10.73437999999999,0.32591225749987174,55.14,20.0,8.0,42.0,17.305115999999998,119.7200331652994,441.12,16.370108799,0.0,672.84142,7,6.833500000000001,0.6440000000000001,0.09424159007220458,3.4167500000000004,0.2926757027363129,-4.17075,2.545570434257701,0.5528,6.538177423677958
Train-20,10.49,CCCCC(CC)COc1c2cc(-c3ccc4oc(-c5cccc([Si](c6ccccc6)(c6ccccc6)c6ccccc6)c5)cc4c3)sc2c(OCC(CC)CCCC)c2ccsc12,897.335,5,0,14.764,7.993210845,31.6,6,-8.1199,-7.5574,0.085,0.3255,4.252154458,1.064014935,3.37802,-0.04363813,-0.00254,2.884134342,3.193898372,3.6877851,4.007008804,4.086170034,4.135018154,4.196214682,4.202946796,4.611460896,4.731597516,4.796699414,4.812990386,4.820453982,4.887514764,4.252154458,4.55099585,4.727345002,4.969019216,5.09706576,5.342893304,5.50836941,5.514109684,5.531082546,5.716556626,5.913573244,5.99920623,6.029308574,6.11729718,6.164979888,6.254716612,6.282971654,6.29954778,6.406096192,1.064014935,0.989266223,0.009530278,0.644733124,0.008836797,0.701051032,0.001408251,0.004512841,0.001255742,0.01417176,0.338855645,0.38867818,7.93e-11,2.23e-09,4.87e-08,8.3e-07,1.1e-05,0.000113882,0.000916783,0.005750365,0.028116527,0.107285892,0.32022864,0.751399117,1.400177653,2.112708684,2.666894336,2.93870933,2.927277131,2.669573476,2.272280503,2.054158055,2.554182547,3.483214585,5.048317633,7.526935677,10.65938385,13.38918279,14.60147519,14.21958064,13.37002518,14.60403564,4.58e-17,3.23e-15,6.54e-09,1.32e-07,2.08e-06,2.54e-05,0.000242619,0.001803454,0.166516478,0.460283395,1.003057787,1.744575048,2.475881118,2.987606804,1.917625774,1.798253445,1.780706465,1.74909142,1.555005321,2.884134342,4.887514764,2.0033804219999998,5.6102226993999995,0.6281213159188317,4.252154458,6.406096192,2.153941734,1.3680201159999998,4.938165233000001,0.24690826165000007,0.34254766789156976,897.3350000000021,5.0,0.0,14.763999999999967,0.5099948377610719,31.6,24.0,6.0,64.0,26.652799999999992,112.26213159373609,189.60000000000002,13.1566054225,0.0,882.571,5,7.6424,0.5624999999999991,0.07360252360481988,3.8212,0.26169782746314574,-3.7362,1.8265453836491157,-0.3219999999999991,2.2394546055565834
Train-21,10.48,Cc1cc(N2CCN(C)CC2)ncc1-c1cc2sc(-c3ccc(-c4cccs4)s3)cc2s1,493.748,7,0,7.54202,6.585754311,19.37,7,-7.8869,-7.2948,-0.1186,0.9126,3.857662496,1.99566862,3.78396,-0.0388441,-0.00176,2.588615614,3.162506636,3.659282098,3.689558014,4.01794384,4.045876534,4.320033508,4.566976872,5.330929234,5.359791778,5.534615976,5.665786816,5.742282476,5.863857264,3.857662496,4.673649264,4.75506693,5.069740568,5.23784505,5.364155874,5.430361194,5.573322532,5.695529618,5.758883398,5.874147604,5.953655978,6.024225394,6.07985522,6.15343735,6.253328036,6.31423941,6.391193796,6.452142364,1.99566862,0.132708206,0.022391523,0.08955426,0.041277526,0.149699577,0.005093663,0.058655031,0.013805643,0.047568314,0.012556982,0.001691897,7.35e-07,9.87e-06,0.000103083,0.000838889,0.00531675,0.026243121,0.100882264,0.302034186,0.70435093,1.280037166,1.816478599,2.029694276,1.845792357,1.527271061,1.438860215,1.688365245,2.041465743,2.221876754,2.280123314,3.324306231,4.289953349,5.02890817,5.400456606,5.595134193,5.74927548,5.845226895,5.946049356,6.189319353,6.542426923,6.830952991,3.92e-10,1.03e-08,0.000404308,0.003045235,0.01786305,0.081605002,0.290338301,0.804485585,3.818744067,3.892736028,3.091125195,1.915077723,0.936920902,0.227511701,0.345605211,0.339208991,0.414976633,0.535476993,0.556691266,2.588615614,5.863857264,3.27524165,5.6245194531,0.6622891984381352,3.857662496,6.452142364,2.594479868,1.269046882,2.8059621399999997,0.14029810699999998,0.4391912008746853,493.7479999999998,7.0,0.0,7.542020000000005,0.8857221442270485,19.37,6.0,7.0,32.0,14.108404,74.97211431091385,135.59,12.229877155499999,0.0,486.20598,7,7.176200000000001,0.5920999999999994,0.08250883719672837,3.5881000000000003,0.27869895524122645,-3.7067,1.9146100847245058,0.4391000000000005,14.388574017791289
Train-22,9.77,CCCCC(CC)COc1c2cc(-c3ccc4oc(-c5ccc6c(c5)CCC(=O)N6CC(=O)OC(C)(C)C)cc4c3)sc2c(OCC(CC)CCCC)c2ccsc12,822.146,8,0,14.0075,7.961364461,78.21,9,-7.8268,-7.4752,0.0825,0.3187,4.164203046,1.132689941,4.02585,-0.03882417,-0.00262,2.824115624,3.11034825,3.618753036,3.963343048,4.036615228,4.074379536,4.24054993,4.34401124,4.872686756,4.982904976,5.016094422,5.360622444,5.3646146,5.486276174,4.164203046,4.434033118,4.66790899,4.857325634,4.944210818,5.308054924,5.484391678,5.669159072,5.765429542,5.867750236,5.885714938,5.977993252,6.083177884,6.188064964,6.19980587,6.281186342,6.373030726,6.490092642,6.510574138,1.132689941,1.194558825,0.036422675,0.43688362,0.010294924,0.643753223,0.134453304,0.009312622,0.197817205,0.000598811,0.030941374,0.331163855,6.05e-10,1.46e-08,2.75e-07,4.04e-06,4.61e-05,0.000410516,0.002846179,0.015384637,0.064906382,0.214208051,0.555475769,1.141564995,1.88847231,2.579148098,3.006616826,3.084758955,2.831650192,2.369776591,1.961734479,2.204609413,2.794642978,3.628592772,4.880034487,6.590132724,8.367715831,9.593247498,9.878563212,9.316695621,8.439798243,8.221602129,2.08e-15,1.18e-13,9.91e-08,1.61e-06,2.03e-05,0.00019959,0.001529923,0.009143797,0.446103147,1.011661212,1.83946486,2.738583156,3.433720957,3.038372837,1.423525221,1.233486614,1.242051471,1.585311002,1.548260645,2.824115624,5.486276174,2.6621605500000003,5.6417563925,0.6993391419461873,4.164203046,6.510574138,2.346371092,1.3400874219999999,4.704401249000001,0.23522006245000004,0.36291341781678205,822.1460000000022,8.0,0.0,14.00749999999997,0.49708004439225584,78.21000000000001,22.0,9.0,58.0,23.701499999999992,103.2669589189708,703.89,20.8016822305,0.0,808.1384999999999,8,7.5577,0.35160000000000036,0.04652208389826488,3.77885,0.26463070388327037,-3.6963500000000002,1.807825571602472,-0.11540000000000039,3.871881628096963
Train-23,9.7,CCCCC(CC)COc1c2cc(-c3cccc(-c4cc(OCc5ccccc5)cc(OCc5ccccc5)c4)c3)sc2c(OCC(CC)CCCC)c2ccsc12,811.166,6,0,15.7984,7.193270206,36.92,6,-8.3413,-7.5909,0.0011,0.8648,4.213571882,0.560622308,5.06634,-0.04192793,-0.00235,2.835199436,3.569285016,3.902233306,3.976633704,4.082686196,4.128186856,4.251732926,4.37289858,4.842943954,4.84805193,4.929035666,4.945797762,4.947322716,5.251507646,4.213571882,4.608807724,4.97730108,5.016515954,5.341021206,5.524524004,5.537355934,5.595167808,5.614421902,5.773413854,5.938790776,6.05319952,6.16360371,6.220857674,6.239070336,6.352189688,6.382589584,6.488319728,6.520616518,0.560622308,0.513347376,0.001871408,0.062340383,0.641510069,0.017113432,0.862223904,0.05868333,0.000473512,0.00539689,0.541654825,0.166571971,4.19e-10,1.04e-08,2.01e-07,3.04e-06,3.56e-05,0.000325881,0.002320487,0.012868412,0.055577268,0.186937287,0.489690674,0.999031015,1.587424061,1.965279204,1.900101107,1.455306067,0.958223455,0.746082701,0.969099206,2.313556766,3.138295946,4.191303978,5.72884353,7.713463875,9.693262916,11.09625574,11.58623526,11.22636432,10.49958333,11.05485582,1.28e-16,8.21e-15,1.13e-08,2.07e-07,2.96e-06,3.29e-05,0.000285318,0.001924852,0.132119374,0.329080076,0.642271503,0.992026452,1.242513738,1.288984084,0.770312678,0.590080319,0.953213535,2.216202985,2.722389316,2.835199436,5.251507646,2.4163082100000004,5.708696293999999,0.638678066609766,4.213571882,6.520616518,2.3070446359999996,1.3783724460000002,4.24204337,0.21210216850000002,0.26937141984611357,811.1660000000022,6.0,0.0,15.798399999999964,0.3017936650724258,36.92,26.0,6.0,58.0,24.059679999999993,112.76733168678473,221.52,13.288635103,0.0,795.3676,6,7.5920000000000005,0.7504,0.09884087212317279,3.7960000000000003,0.2634351255439606,-3.7949,1.8969001593782928,0.11330000000000007,5.053842366126428
Train-24,9.3,CCCCC(CC)COc1c2cc(-c3cccc(N4CCCC4)c3C=O)sc2c(OCC(CC)CCCC)c2ccsc12,619.937,6,0,11.3861,5.437466022,38.77,6,-7.8811,-7.5021,-0.0561,0.7325,3.885086872,0.360880979,6.58109,-0.03293614,-0.00731,2.844460742,2.97527204,3.396568478,3.625311578,3.977687534,4.01236474,4.087967744,4.87067828,5.347790514,5.402019366,5.528776518,5.785241546,5.93114121,6.052170486,3.885086872,3.937270054,4.273082282,4.681075666,5.063764732,5.148877002,5.460748692,5.547708264,5.87163081,5.940948028,6.067221658,6.170583784,6.199384338,6.281744252,6.288711928,6.350528356,6.467751446,6.494097196,6.58935103,0.360880979,0.130618949,0.177257381,0.158469032,0.054354398,0.13607705,0.913907232,0.027415611,0.208813676,0.237842651,0.10678631,0.523387105,3.1e-10,7.92e-09,1.58e-07,2.45e-06,2.97e-05,0.000281983,0.002093526,0.012185484,0.055722806,0.200711505,0.571199241,1.288828967,2.31499126,3.328409309,3.871839702,3.748086066,3.251967675,2.912034436,3.000464541,3.682806347,3.900457673,4.293087915,5.211942014,6.564247694,7.609929551,7.49512196,6.059168621,3.998771585,2.272224423,1.858266578,2.93e-11,8.31e-10,4.47e-05,0.000365275,0.002330531,0.011602789,0.045090059,0.136849177,0.885011875,1.036138828,0.9985232,0.839023621,0.666604665,0.410386039,0.388464732,0.415012222,0.768672696,1.617136418,1.972439332,2.844460742,6.052170486,3.2077097439999998,5.625858437099999,0.8576697904208523,3.885086872,6.58935103,2.7042641580000004,1.0406261300000001,3.5335230949999996,0.17667615474999998,0.21882432482645642,619.9370000000022,6.0,0.0,11.386099999999985,0.1870037746414645,38.769999999999996,21.0,6.0,43.0,17.67722,114.01209377302592,232.62,12.595733011,0.0,608.5509,6,7.446000000000001,0.37899999999999956,0.05089980514372742,3.7230000000000003,0.26860051877504193,-3.7791,1.9180226712328767,0.4096000000000005,17.546709482020134
Train-25,9.15,CCCCC(CC)COc1c2cc(-c3ccc4oc(-c5cnc(N6CCN(C)CC6)cc5C)cc4c3)sc2c(OCC(CC)CCCC)c2ccsc12,752.103,8,0,12.84182,7.550930171,50.97,8,-7.5744,-7.381,0.1534,0.5861,4.24271958,1.492616857,5.30325,-0.04137437,-0.00502,2.888213284,3.172425036,3.659740824,3.673453012,4.016418886,4.036119308,4.089753056,4.31902927,4.88623777,5.022665362,5.100995926,5.406296676,5.507352774,5.683292792,4.24271958,4.43092122,4.68793176,4.722509782,4.853953378,5.332516178,5.402155744,5.549270412,5.751518986,5.838540548,5.877718228,6.011381066,6.024894886,6.066452982,6.245480102,6.289666574,6.33283641,6.371939702,6.49456832,1.492616857,1.026415061,0.039511612,0.020919287,0.441472774,0.651976307,0.016138532,0.086272003,0.072854788,0.000221364,0.080268128,0.213032317,6.89e-11,1.95e-09,4.32e-08,7.43e-07,9.97e-06,0.000104078,0.000846706,0.005368359,0.026546029,0.102528155,0.310200729,0.739410975,1.403645084,2.162467514,2.782684805,3.097359475,3.079282604,2.831630708,2.618039838,3.512729319,4.500131877,5.392157821,6.180181213,7.086075414,8.019483697,8.501953987,8.171845341,7.174448124,6.136343235,6.729905338,9.7e-17,6.68e-15,1.23e-08,2.43e-07,3.74e-06,4.48e-05,0.00041892,0.003054765,0.27106291,0.746238327,1.626981311,2.831038217,3.971069175,3.487792373,1.427645632,1.202721646,1.125558255,1.497988887,1.498364979,2.888213284,5.683292792,2.7950795079999997,5.6112349961,0.6896795575359451,4.24271958,6.49456832,2.25184874,1.3545062960000003,4.495791550999999,0.22478957754999995,0.3965510517016879,752.1030000000021,8.0,0.0,12.841819999999977,0.47386493374741206,50.97000000000001,23.0,8.0,53.0,21.968363999999994,99.60400683938374,407.76,16.8724650855,0.0,739.26118,8,7.534400000000001,0.19339999999999957,0.025668928425763314,3.7672000000000003,0.26544906948155933,-3.6138,1.7333232161817793,0.2393000000000004,12.940451993388209
Train-26,8.87,Cc1cc(N2CCN(C)CC2)ncc1-c1ccc(-c2ccc(-c3ccc(-c4cccs4)s3)s2)s1,519.786,7,0,8.05582,7.152631228,19.37,7,-7.7601,-7.1793,-0.313,0.658,3.568008022,2.087537645,3.08429,-0.04093032,-0.00246,2.367311314,2.917695728,3.499819022,3.61786038,3.867146966,4.234140164,4.281128584,4.413861572,5.033699582,5.221008566,5.323254872,5.44699931,5.45468607,5.67902788,3.568008022,4.457911666,4.667202304,5.038658782,5.211176952,5.405366826,5.470034794,5.493231452,5.692318536,5.709936094,5.762615196,5.836284112,5.871643208,5.964454636,5.984291436,6.024597334,6.185386996,6.28938142,6.393189874,2.087537645,0.044328215,0.044517572,0.154572628,0.083496451,0.013419252,0.001256457,0.006544492,0.071114769,0.079833911,0.01098591,0.036498592,0.000164539,0.001269562,0.007628964,0.035703092,0.130131167,0.369418211,0.816997271,1.408959902,1.901807049,2.038221395,1.825964189,1.578763486,1.603867451,1.874513041,2.069805997,1.951042441,1.660588525,1.617976325,2.131923919,4.073837462,4.591360235,4.55135386,4.226111775,4.08433192,4.621948023,6.085110666,8.073772653,9.57127065,9.725949462,7.293822494,2.68e-06,3.41e-05,0.073797581,0.269440075,0.766140878,1.696607798,2.926042778,3.930124827,2.125316045,1.051822064,0.410816463,0.140518108,0.072610301,0.157676943,0.263461374,0.346355166,0.460673575,0.360274223,0.31623033,2.367311314,5.67902788,3.3117165659999994,5.5301043438,0.6814579967739897,3.568008022,6.393189874,2.825181852,1.2006967079999997,2.986958203,0.14934791014999999,0.4580415805667086,519.7860000000002,7.0,0.0,8.055820000000006,0.9122986462490016,19.37,7.0,7.0,34.0,14.811164000000002,72.6705894321287,135.59,12.513315614,0.0,511.73017999999996,7,6.8663,0.5808000000000009,0.08458702873643333,3.43315,0.2912776047426985,-3.7461499999999996,2.043843091985494,0.3901999999999992,7.277421023825072
Train-27,8.64,CCCCCCCCCCCCc1ccsc1-c1cc2sc(-c3ccc(-c4cccs4)s3)cc2s1,554.937,5,0,12.6117,6.613979917,0.0,5,-8.4535,-7.4865,-0.1901,0.7984,3.866787424,1.70592486,2.29598,-0.04528616,0.00464,2.582280236,3.163994396,3.573339162,3.942328438,3.985411488,4.308205816,4.406521956,4.512549652,5.484094126,5.664038698,5.689343016,5.894145578,5.967802096,6.100832636,3.866787424,4.817763616,5.023805978,5.30188072,5.424707706,5.582546644,5.686045148,5.743943808,5.80678927,5.882243498,6.049269354,6.179485548,6.284744568,6.341924144,6.48235629,6.48898922,6.522934944,6.55717822,6.594917732,1.70592486,0.087564364,0.075288497,0.047025007,0.009726757,0.037639286,0.092649563,0.0363386,0.045582604,0.050764653,0.007634201,0.029416036,8.73e-07,1.15e-05,0.000118603,0.000950018,0.005926456,0.028792914,0.108944647,0.321045696,0.736911604,1.318111728,1.840916263,2.02432942,1.812844135,1.484802378,1.406392689,1.683250051,2.086737388,2.331812667,2.387164554,2.629869895,2.93938972,3.389738602,4.01507465,4.666549857,5.123907228,5.481560852,6.100033653,7.007466441,7.596954292,5.583204814,2.46e-10,6.61e-09,0.000283897,0.002187644,0.013128608,0.061360252,0.223347939,0.633144948,3.218289194,3.35623477,2.7259092,1.724469092,0.850868492,0.07698852,0.258557746,0.297906309,0.273187072,0.247886127,0.288029219,2.582280236,6.100832636,3.5185524,5.8206706907,0.6942928922903681,3.866787424,6.594917732,2.728130308,1.284507188,2.410091908,0.1205045954,0.3740688872793869,554.9370000000015,5.0,0.0,12.61169999999998,0.7036987485971342,0.0,15.0,5.0,35.0,15.522339999999996,83.90362883776068,0.0,8.3069899585,0.0,542.3253,5,7.2964,0.9669999999999996,0.13253109306903493,3.6482,0.27410770404371904,-3.8383000000000003,2.0191528548325204,0.021500000000000297,12.012201020324152
Train-28,7.86,CCCCCCCCCCCCc1ccsc1-c1ccc(-c2ccc(-c3cccs3)s2)[se]1,545.741,3,0,10.3925,6.419824266,0.0,4,-8.5264,-7.6145,-0.0891,0.92,3.993247024,1.283062256,2.6209,-0.04512095,0.00311,2.662495296,3.21387155,3.68474759,4.017113174,4.076078062,4.3541776,4.39701269,4.639232416,5.616182418,5.641387552,5.81912528,5.959879774,5.972575326,6.15430521,3.993247024,4.873790178,4.950161858,5.171602536,5.391505862,5.457946744,5.6119547,5.614545882,5.790349522,5.866448446,6.12126454,6.368815406,6.374233332,6.43053265,6.459060448,6.522104278,6.586648266,6.692514788,6.867301792,1.283062256,0.075226022,0.003765432,0.136198651,0.00462276,0.005630782,0.072639713,0.092216837,0.07760789,0.02130174,0.019503364,0.001183367,9.2e-08,1.48e-06,1.87e-05,0.000182597,0.001392035,0.008264811,0.038215924,0.137623131,0.386012727,0.843497764,1.437375514,1.91762115,2.03346917,1.809379123,1.56860435,1.612049103,1.906379366,2.150156503,2.148289748,2.121429967,2.479315063,3.015916367,3.664893798,4.430500738,5.233409887,5.964926022,6.653887797,7.30739588,7.646929736,6.302870473,2.01e-12,7.42e-11,1.13e-05,0.000119299,0.000982155,0.006297239,0.03144465,0.122284027,1.604711333,2.295755223,2.557891272,2.219617687,1.500446938,0.131019466,0.195200841,0.265441168,0.358050942,0.365806272,0.397516896,2.662495296,6.15430521,3.4918099140000005,5.846285578600001,0.7333898227840246,3.993247024,6.867301792,2.874054768,1.330751728,2.0851760020000008,0.10425880010000003,0.28022924418248757,545.7410000000015,3.0,0.0,10.101299999999993,0.5300275783556857,0.0,15.0,4.0,32.0,13.678499999999998,85.00869998600986,0.0,7.209912133,0.0,535.3485,3,7.525399999999999,0.911900000000001,0.12117626688597738,3.7626999999999997,0.26576653313670157,-3.8518,1.971504935285832,0.09719999999999906,19.161820430477807
Train-29,6.67,CC(C)(C)OC(=O)N1CCc2nc(-c3ccc(-c4ccc(-c5cccs5)s4)cc3)sc2C1,480.68,6,0,7.5603,6.737174531,42.43,7,-8.5993,-7.6533,-0.2863,0.7756,3.953337862,1.779299311,1.89275,-0.03769024,-0.00402,2.680174844,3.175784894,3.795982446,4.31555783,4.329468386,4.438322826,4.444521826,4.692171876,5.334995778,5.601527982,5.652793712,5.745704324,5.989312626,6.101539322,3.953337862,4.824644506,4.937367122,5.309914624,5.34372397,5.664794976,5.778571422,5.928240078,5.987589304,6.074846428,6.226622744,6.306887396,6.353466682,6.528204094,6.629371774,6.66535077,6.76788223,6.916422668,6.994195322,1.779299311,0.032662993,0.000247537,0.008725193,0.013925891,0.018582497,0.066436112,0.038699032,0.041432271,0.032690578,0.033431188,0.033507199,5.48e-08,9.24e-07,1.21e-05,0.000124234,0.000989899,0.00614287,0.029688331,0.111751441,0.327671256,0.748799469,1.335996691,1.872337688,2.102692,2.008412019,1.861280224,1.91170675,2.081529261,2.071745243,1.753345584,1.204726544,1.451049964,1.878043746,2.167039568,2.289467012,2.681775874,3.919508021,6.11524207,8.638074767,10.52289648,10.7285465,1.21e-11,4.05e-10,4.13e-05,0.000395405,0.002946153,0.017096004,0.07726101,0.271927119,2.64537497,3.425193139,3.453906538,2.712526919,1.659457702,0.102191935,0.066874884,0.065757116,0.049995833,0.06421485,0.086309692,2.680174844,6.101539322,3.4213644779999997,5.958440986099999,0.7797041432482241,3.953337862,6.994195322,3.0408574600000002,1.273163018,2.383402667000001,0.11917013335000004,0.3911922663430982,480.6799999999997,6.0,0.0,7.560300000000006,0.8837472042618898,42.43,3.0,7.0,32.0,13.612060000000001,71.34740631118046,297.01,14.6115872655,0.0,473.1197,6,7.367,0.9459999999999997,0.128410461733343,3.6835,0.27148085476290085,-3.9697999999999998,2.139176332292656,0.11590000000000034,3.4114291099807184
Train-30,5.34,CCCCC(CC)COc1c2cc(-c3ccc(C=CC(=O)O)cc3F)sc2c(OCC(CC)CCCC)c2ccsc12,610.857,5,1,11.2103,5.635940478,55.76,7,-8.4166,-7.596,-0.6384,0.5837,3.961917278,1.21039618,4.63063,-0.0271004,0.00247,2.672909616,3.074989154,3.788816402,3.888297954,3.974823596,4.067399462,4.274322082,4.685799304,5.04046889,5.362531736,5.460413946,5.748444282,5.846239706,6.148825294,3.961917278,4.360240222,4.840166802,4.863202286,5.054441436,5.112389688,5.71275044,5.735178422,6.1103543,6.189069202,6.193321716,6.210083812,6.333443912,6.413968922,6.433532966,6.566575904,6.622862824,6.762836244,6.869558228,1.21039618,0.532016221,0.006316034,0.000958146,0.326370558,0.178581954,0.10908431,0.030440761,0.031274711,0.102196878,0.679425508,0.03324699,6.79e-08,1.12e-06,1.45e-05,0.000145677,0.001139905,0.006947041,0.032978467,0.121979464,0.351813732,0.792944335,1.404692962,1.98535005,2.320463501,2.405162011,2.407395582,2.383959517,2.189485587,1.73542016,1.208950098,1.37094867,2.528242489,4.281230948,6.106090854,7.337506353,7.592292557,7.023648019,6.147937111,5.444861159,5.127811889,5.714956676,6.03e-12,2.06e-10,2.29e-05,0.000223789,0.001703626,0.010100696,0.046643761,0.16779042,1.760718737,2.376562053,2.580578525,2.357557053,1.958779857,0.916606782,0.504167549,0.727710092,0.999768351,0.568627064,0.353140843,2.672909616,6.148825294,3.475915678,5.812585334999999,0.8356539872757877,3.961917278,6.869558228,2.90764095,1.289007662,3.848066054,0.1924033027,0.30000553262714913,610.8570000000019,6.0,1.0,11.210299999999988,0.21677441167340142,55.760000000000005,21.0,7.0,42.0,16.842059999999996,108.38597284668255,390.32,15.393970239000001,0.199999960000008,599.6467,6,6.9576,0.8206000000000007,0.11794295188815809,3.4788,0.2874553617755083,-4.1172,2.43637688858227,0.4014999999999993,7.70227974425632
Train-31,5.0,COc1ccc(CNc2ccc([N+](=O)[O-])cc2-c2cccc(-c3ccc(-c4cccs4)s3)c2)cc1,498.629,6,1,8.3395,5.799952723,64.4,7,-7.9411,-7.8044,-0.2479,0.0225,4.198347138,0.953729742,10.34359,-0.03131983,0.0011,2.745871846,2.770444682,3.561027948,3.664303288,3.680867016,3.833945122,4.08036777,4.296105368,4.447051018,4.483228382,4.581234572,4.751583092,4.817218104,5.442932766,4.158772722,4.198347138,4.21606388,4.601629282,4.842559616,4.914554802,5.23908485,5.299413518,5.333570008,5.381401492,5.484664434,5.500905814,5.566714398,5.84100775,5.92072689,5.973988698,6.14234114,6.161644826,6.299225432,0.621504624,0.953729742,0.026940408,0.076889467,0.001797498,0.001494178,0.213821731,0.039816586,0.015799701,0.006763311,0.001846742,0.085125926,1.09e-08,2.21e-07,3.5e-06,4.31e-05,0.000414126,0.003099806,0.018086355,0.082259748,0.29164058,0.806002947,1.736427953,2.91617003,3.817884938,3.897762481,3.110261351,1.975547842,1.138197332,1.000103558,1.716579527,5.184416004,6.828191132,7.538684036,7.35201595,7.0667746,7.698658413,9.719570714,12.60854254,15.09162456,16.04984642,13.6343586,1.86e-15,1.06e-13,9.46e-08,1.56e-06,2.02e-05,0.00020355,0.001601268,0.009834322,0.516028874,1.17783585,2.099690207,2.925120411,3.19002361,1.055305983,0.172742437,0.182908515,0.445000007,0.632278916,0.572550224,2.745871846,5.442932766,2.69706092,5.3201156984,0.6596970531053304,4.158772722,6.299225432,2.14045271,1.4129008760000001,2.3458117009999992,0.11729058504999997,0.24083374930786314,498.6289999999999,6.0,1.0,8.339500000000005,0.22853412979815443,64.39999999999999,9.0,7.0,35.0,14.667900000000001,85.97120318782241,450.80000000000007,16.3399763615,0.16666663888889352,490.28950000000003,7,7.5565,0.13669999999999938,0.01809038336658718,3.77825,0.26467272820148796,-4.02615,2.145157655329849,0.13370000000000065,10.233839453237154
Train-32,5.0,CCCCC(CC)COc1c2cc(-c3cccc(S(=O)(=O)N4CCC4)c3)sc2c(OCC(CC)CCCC)c2ccsc12,641.965,6,0,10.3678,5.578842873,55.84,8,-8.5638,-7.6447,-0.1292,0.6313,4.171468274,0.540995383,6.40748,-0.03042922,-0.00698,2.813812886,3.607160906,3.936154234,4.071788354,4.26354822,4.302874676,4.64255508,4.995736906,5.542674676,5.57903801,5.596296026,5.871308462,6.24840603,6.410187532,4.171468274,4.608671346,4.991905924,5.36269291,5.48661092,5.595019032,5.885789326,5.98054724,6.14438681,6.270176918,6.273127642,6.308077604,6.44658806,6.49624205,6.626160692,6.706313762,6.719046508,6.741338112,6.86347081,0.540995383,0.468697887,0.008787269,0.632887783,0.140393233,0.024349467,0.052757859,0.16231041,0.002660245,0.16426424,0.088812008,0.048367822,8.5e-10,2e-08,3.67e-07,5.25e-06,5.84e-05,0.00050642,0.003418303,0.01796951,0.07356789,0.234566928,0.582467753,1.126432451,1.69659329,1.990539479,1.821685801,1.313202104,0.796983698,0.562772994,0.731107407,1.954025837,2.615832088,3.197799542,3.848331961,4.671220357,5.538233049,6.169080941,6.310695105,5.889366757,5.138790197,4.413831566,7.35e-16,4.24e-14,3.83e-08,6.32e-07,8.12e-06,8.13e-05,0.000634059,0.003850069,0.192562482,0.431298737,0.756355689,1.049208448,1.184120245,1.087565262,0.635331985,0.43161341,0.639304957,1.409758147,1.539377288,2.813812886,6.410187532,3.596374646,5.9864747238,0.7452999370160529,4.171468274,6.86347081,2.6920025359999995,1.3576553880000004,3.3509390100000003,0.1675469505,0.1944299663302429,641.965000000002,6.0,0.0,10.367799999999992,0.21015410046046984,55.84,21.0,8.0,43.0,17.47356,115.07133280910153,446.72,16.3734214365,0.0,631.5972,6,7.5155,0.9191000000000003,0.12229390961427591,3.75775,0.2661166213514413,-3.88695,2.0102960950701885,-0.1586000000000003,3.5594017891239824
Train-33,4.8,CCCCC(CC)COc1c2cc(-c3ccc4oc(-c5c(C(=O)OCC)[nH]c6ccccc56)cc4c3)sc2c(OCC(CC)CCCC)c2ccsc12,750.039,7,1,14.0446,6.837852881,73.69,8,-7.7547,-7.5176,-0.1001,0.1738,4.083107728,1.559673067,6.22776,-0.03752653,-0.00246,2.699924858,2.876497174,3.59492408,3.757387472,3.8229233,4.006264924,4.08520299,4.361281654,4.810002468,4.90223119,5.068290002,5.217103196,5.36579241,5.506212158,4.083107728,4.30619734,4.62680962,4.767080592,4.844568092,5.277407068,5.301545974,5.402974012,5.65937705,5.673969496,5.85600933,6.012000966,6.028738266,6.056584174,6.133650142,6.14829218,6.235288946,6.335303612,6.3818705,1.559673067,0.090285353,0.296640823,0.07296768,0.151152773,0.048322495,0.0407993,1.448579204,0.012150571,0.039644367,0.039807772,0.429407709,3.06e-08,5.42e-07,7.51e-06,8.11e-05,0.000683443,0.004503837,0.023247562,0.094261972,0.301466323,0.76471474,1.549436976,2.527768775,3.346159063,3.614773023,3.195403764,2.321542541,1.443392322,0.968049054,1.122862631,3.327827085,4.927936682,6.373872559,7.429418396,8.089378363,8.440712898,8.509056339,8.297515463,7.903731786,7.554898706,7.99947854,7.72e-14,3.56e-12,1.33e-06,1.76e-05,0.000181675,0.001458493,0.009119977,0.044422736,1.149801177,2.069682266,2.914042227,3.225151558,2.844032326,1.07912722,0.898033504,0.793239535,1.253098926,2.818926617,3.188643187,2.699924858,5.506212158,2.8062873,5.5309901809,0.6925546506134761,4.083107728,6.3818705,2.298762772,1.3831828699999997,4.769156021,0.23845780104999997,0.44670868559325017,750.0390000000019,7.0,1.0,14.044599999999969,0.38778300859771486,73.69000000000001,23.0,8.0,53.0,22.208919999999992,109.6892406671771,589.52,18.7879264405,0.1428571224489825,735.9944,8,7.4174999999999995,0.23709999999999987,0.03196494344928297,3.7087499999999998,0.2696325528459581,-3.80885,1.9558258608021573,0.036800000000000166,13.04204082209608
Train-34,3.5,CCCCC(CC)COc1c2cc(-c3cccc(-c4cc(S(=O)(=O)O)c(N)c5c4C(=O)c4ccccc4C5=O)c3)sc2c(OCC(CC)CCCC)c2ccsc12,824.099,9,2,12.2447,6.504371357,132.99,11,-8.3075,-7.4695,-1.3181,0.0112,3.359684428,0.215620709,8.2602,-0.0324246,-0.00012,2.30181268,2.792017202,2.796728442,3.375095142,3.389042892,3.505670878,3.516593516,3.917061314,4.047401488,4.367827798,4.441484316,4.667251896,4.732601754,4.937019978,3.317754392,3.359684428,3.779108768,3.802045068,4.133542792,4.25486962,4.44604678,4.52911338,4.89993756,5.056040778,5.15670014,5.291639972,5.392646478,5.515547852,5.618203292,5.802338388,5.844491588,5.907746184,5.930620494,0.042465037,0.215620709,0.004578604,0.007163361,0.619325185,0.002457048,0.09970563,0.030830812,0.027935053,0.48759326,0.179524583,0.038679522,0.000645303,0.004227069,0.021565219,0.085691622,0.26527619,0.640315956,1.208522054,1.800524367,2.182679855,2.339324569,2.571654627,3.146256858,3.857066643,4.144020603,3.758562752,3.195168177,3.350860844,4.753026113,7.033910817,9.878774229,9.475604008,8.962368755,9.301667054,10.22917293,10.63047156,9.95746773,8.855617134,8.288469902,8.476240903,9.174577663,6.17e-05,0.000451915,0.10934448,0.232020362,0.384252247,0.497081225,0.504180459,0.408401663,0.375834879,0.667867271,1.045435358,1.353190584,1.495685128,1.600295894,0.835695916,0.666517933,1.177938465,1.99852982,2.151595707,2.30181268,4.937019978,2.6352072980000005,4.8304920227,0.8541360515683046,3.317754392,5.930620494,2.6128661020000004,1.015941712,3.7085985050000008,0.18542992525000004,0.23693753513080415,824.0990000000018,10.0,2.0,12.244699999999986,0.2339514970734468,132.98999999999998,23.0,11.0,57.0,23.048939999999995,126.69923472525453,1462.89,27.5511856785,0.22222219753086697,811.8543000000001,11,6.1514,0.8379999999999992,0.13622912894152067,3.0757,0.3251291331634642,-4.3938,3.138387755632864,0.49130000000000096,10.963772238972853
Train-35,3.0,CCCCC(CC)COc1c2cc(-c3ccc(-c4ccc(-c5ccc(Nc6ncnc7cc(OCC8CCN(C)CC8)c(OC)cc67)c(F)c5)s4)s3)sc2c(OCC(CC)CCCC)c2ccsc12,1005.426,12,1,16.9855,10.51941574,77.97,13,-7.7415,-7.3067,-0.4731,0.1473,3.56864032,2.860003637,5.5405,-0.04810986,-0.00097,2.413878202,2.864012388,3.240130514,3.448739262,3.828328828,3.920669132,3.9351252,4.221940532,4.35560337,4.465300874,4.606303328,4.803716682,4.965547776,5.037418982,3.56864032,4.19207375,4.379742276,4.696064848,4.88351021,4.924101262,5.036600714,5.131767762,5.37471897,5.41036322,5.49076425,5.51289468,5.53353735,5.606016058,5.724082212,5.753701034,5.868791668,5.882020334,5.917081878,2.860003637,0.093728635,0.108825081,0.016517137,0.002603618,0.036515415,0.043841079,0.081590489,0.121659225,0.112674237,0.027594138,0.444284178,5.83e-05,0.000505752,0.003414409,0.017952933,0.073524172,0.234585169,0.583521376,1.134095132,1.733649661,2.125431906,2.200909649,2.14042722,2.195825762,2.391990885,2.582707615,2.741847897,3.000071434,3.382608577,3.696825188,3.766913826,4.149416627,5.321610313,7.20946797,9.346100125,11.33392702,12.98003628,13.98199915,13.93272458,12.85036227,10.20310926,3.6e-06,4.6e-05,0.100201176,0.366420235,1.043548606,2.31458618,3.998208988,5.379085741,2.952511655,1.522644333,0.711106627,0.417487897,0.372533211,0.270938501,0.214331947,0.289777312,0.489971036,0.754179147,0.941366056,2.413878202,5.037418982,2.6235407800000003,5.2042669267,0.6220725591457117,3.56864032,5.917081878,2.348441558,1.1547621180000003,4.368582207,0.21842911035,0.630371794155926,1005.4260000000023,12.0,1.0,16.985499999999973,0.6810582734408687,77.97,29.0,13.0,69.0,28.597099999999994,95.57811282225141,1013.61,26.05670787,0.08333332638888948,988.4405,13,6.833600000000001,0.4348000000000001,0.06362677598531141,3.4168000000000003,0.2926714198456392,-3.8899,2.214253396452821,0.1856,5.041086736767753
Train-36,2.42,CCCCC(CC)COc1c2cc(-c3ccc(-c4ccc(C)s4)[se]3)sc2c(OCC(CC)CCCC)c2ccsc12,671.896,5,0,12.06732,5.789808508,18.46,6,-7.9099,-7.3801,-0.4292,0.8331,3.665803446,1.562118814,1.53654,-0.0330111,-0.00145,2.340234082,2.950364458,3.558027632,3.767776996,3.936761736,4.074255556,4.243922186,4.690485748,5.126312642,5.307162268,5.382380934,5.63786652,5.642652148,5.962284986,3.665803446,4.17775406,4.69090728,4.980859306,5.00972185,5.282701014,5.47024556,5.536686442,5.653202846,5.749857654,5.904758266,5.976046766,6.117619528,6.128257012,6.197338668,6.243744382,6.363484266,6.394318092,6.500593748,1.562118814,0.111069192,0.00362255,0.002321459,0.12151685,0.05157188,0.117383657,0.008073568,0.035474588,0.018973323,0.045551407,0.111151552,0.00029327,0.002114722,0.011875877,0.051940373,0.176918757,0.469335281,0.969803656,1.561740964,1.964839826,1.952848018,1.607863954,1.288180301,1.30695138,1.64717712,1.98122713,1.984841603,1.661987117,1.355187898,1.443757143,2.99072787,3.982027974,4.837805337,5.5252924,6.069369688,6.462798215,6.628634796,6.434492225,5.836975808,5.090372152,4.878738247,1.3e-07,2.12e-06,0.012220568,0.056976019,0.206881064,0.585034391,1.28851262,2.210523482,2.525109829,1.654256259,0.920679486,0.500743285,0.308599218,0.075328333,0.157468806,0.238350391,0.342321756,0.406148787,0.44267823,2.340234082,5.962284986,3.6220509040000004,5.5791440129000005,0.7623150782052924,3.665803446,6.500593748,2.834790302,1.3255693640000001,3.3256844850000005,0.16628422425000003,0.3585149666569028,671.8960000000017,5.0,0.0,11.776119999999983,0.2457937970274243,18.46,21.0,6.0,41.0,17.213463999999995,116.04803216264986,110.76,10.740904254,0.0,659.82868,5,6.9509,0.5298000000000007,0.07622033460122662,3.47545,0.28773244105585144,-3.9046499999999997,2.1934269839157516,0.7324999999999993,7.527355971801027
Train-37,2.36,c1ccc(-c2c3ccccc3c(-c3ccc(-c4cccs4)s3)c3ccccc23)cc1,418.586,2,0,9.117,4.551723423,0.0,2,-8.087,-7.6181,-0.373,0.5049,3.868039622,0.486752726,0.66704,-0.03404119,-0.00031,2.237938184,3.044539666,3.656133006,3.80128879,3.898253548,3.997561528,4.06989146,4.25338186,4.63462036,4.824954456,4.923481362,4.93198639,5.301099646,5.587555436,3.868039622,4.177654876,4.548218698,4.719782222,4.790054086,5.09260248,5.38265369,5.475725476,5.600560938,5.687260152,5.769570474,5.793250654,5.805413092,5.888777244,5.972575326,5.981625866,6.064146954,6.149395602,6.28560003,0.486752726,0.000200526,0.253083429,0.402391693,0.009968897,0.001589074,1.78e-05,0.005685347,0.170581087,0.112954475,0.000872728,0.006684465,0.002206362,0.012319589,0.053572509,0.181432111,0.478534007,0.982966302,1.572522151,1.959412658,1.902901845,1.447567192,0.894386184,0.556164067,0.590660371,0.983263907,1.546244249,1.957182766,1.966488806,1.649782531,1.405728344,2.664286599,4.24153988,6.046978719,7.675615912,8.855905145,9.545334894,9.900699554,10.12385876,10.31010412,10.43467036,10.42151779,6.72e-11,1.81e-09,7.88e-05,0.000609385,0.003668543,0.017199746,0.062802565,0.178591555,0.91688989,0.96158974,0.794314441,0.543551357,0.383830977,0.942891532,0.990335977,0.662649669,0.183157526,0.378366104,0.938064026,2.237938184,5.587555436,3.349617252,5.432301480999999,0.6801155757919035,3.868039622,6.28560003,2.4175604080000004,1.630101438,3.879797816,0.1939898908,0.3287917153316987,418.5859999999998,2.0,0.0,9.116999999999997,0.5484169435598226,0.0,3.0,2.0,30.0,13.8234,91.96206999810278,0.0,4.2758617115,0.0,409.469,2,7.2451,0.46889999999999965,0.0647195946612752,3.62255,0.276048563567497,-3.99555,2.2034781856013033,0.40900000000000036,9.910686413785086
Train-38,1.9,CCCCC(CC)COc1c2cc(-c3ccc(-c4cc(N)c(N)c(C(=O)OC)c4)s3)sc2c(OCC(CC)CCCC)c2ccsc12,693.013,9,2,11.6529,6.316720113,96.8,9,-7.606,-7.1536,-0.096,0.7714,3.843429592,1.73041536,6.59245,-0.03185117,-0.00123,2.57903196,2.998121554,3.093400184,3.621790546,3.899084214,3.998441786,4.053687274,4.34940437,4.988484076,5.082522906,5.261376454,5.36424266,5.64865278,5.790696666,3.843429592,4.186159904,4.29410929,4.842311656,5.26877806,5.269323572,5.40999128,5.562933008,5.61406236,5.72892983,5.776773712,5.891492406,6.037565642,6.07663174,6.202793788,6.207319058,6.347614826,6.39395855,6.490005856,1.73041536,0.038907387,0.172084294,0.012922481,0.113290313,0.079522199,0.020456608,0.001724906,0.241555806,0.196112598,0.072810333,0.129961536,9.53e-07,1.25e-05,0.000127397,0.001012227,0.006263857,0.030191456,0.113371764,0.331893651,0.758990894,1.363905286,1.959069496,2.353971467,2.606283132,2.985190339,3.571587761,4.016930426,3.879829655,3.16632221,2.386795384,2.403804053,3.182287382,4.240618343,5.492813962,6.730180027,7.546067352,7.610604824,6.909953895,5.684182862,4.323247092,3.530342301,5.5e-10,1.4e-08,0.000474474,0.003448821,0.019523563,0.086076465,0.295572042,0.790570156,3.399512751,3.393465991,2.707432136,1.800980077,1.08924974,0.246689557,0.065100752,0.101150522,0.316489352,0.620058281,0.780497013,2.57903196,5.790696666,3.2116647059999996,5.5503856120999995,0.7552566810821962,3.843429592,6.490005856,2.6465762639999997,1.264397632,4.202054368,0.2101027184,0.3940305784499926,693.0130000000019,9.0,2.0,11.652899999999988,0.3553916262826084,96.80000000000001,24.0,9.0,47.0,18.93058,109.71087493062797,871.1999999999999,21.8383600565,0.22222219753086697,681.3601,11,7.0576,0.4523999999999999,0.06410110177665186,3.5288,0.28338237265292093,-3.6248,1.861705826343233,0.41500000000000004,11.75663036597058
Train-39,1.5,CCCCC(CC)COc1c2cc(-c3ccc(-c4ccc(-c5cc(-c6csc(C)n6)ccc5OC)s4)s3)sc2c(OCC(CC)CCCC)c2ccsc12,814.242,9,0,15.87092,7.547894015,40.58,9,-7.7747,-7.3295,-0.46,0.5378,3.59337433,2.041171253,1.82105,-0.03833789,-0.00283,2.384246982,2.898949952,3.304773686,3.445057056,3.842251782,3.889388978,4.06858967,4.182824842,4.770614022,4.880199944,4.998104924,5.244552368,5.255103066,5.388133606,3.59337433,4.17205098,4.491138306,4.786347084,5.11510485,5.190373108,5.323254872,5.391840608,5.559064832,5.6485288,5.669469022,5.742344466,5.787361604,5.789221304,5.888454896,5.946068402,6.040714734,6.08481442,6.15591695,2.041171253,0.123229791,0.002081348,0.048485438,0.089915386,0.284117079,0.202455028,0.08769467,0.034064334,0.300276964,0.142894309,0.086906997,0.000113562,0.000914127,0.00573069,0.027979379,0.106392719,0.315116554,0.727228298,1.309391849,1.847882444,2.077405772,1.960543368,1.771729019,1.812403249,2.088359355,2.37242573,2.565869539,2.84098302,3.340478217,3.87274041,3.992631475,4.014424143,4.651303563,5.979287743,7.690881058,9.389367543,10.64208476,10.9511415,10.07124,8.382954362,5.866604219,1.32e-06,1.79e-05,0.049929645,0.194231609,0.588448553,1.388439037,2.551442146,3.652005311,2.431314099,1.354581969,0.685446131,0.39582749,0.287111061,0.106219259,0.252148904,0.437195817,1.034482934,1.315596867,1.178617607,2.384246982,5.388133606,3.003886624,5.38934861,0.6754874541663538,3.59337433,6.15591695,2.56254262,1.209127348,3.6864460609999994,0.18432230304999997,0.44620513703693643,814.2420000000018,9.0,0.0,15.870919999999968,0.508650814379915,40.58,25.0,9.0,54.0,22.874183999999993,107.87669918326229,365.21999999999997,16.8319470075,0.0,798.37108,9,6.8695,0.4451999999999998,0.06480820077033249,3.43475,0.29114191974905895,-3.89475,2.208177824077444,0.5526000000000002,4.714757119794989
Train-40,1.5,CCCCC(CC)COc1c2cc(-c3cc4sc(-c5ccc(S(=O)(=O)NCCNC(=O)OC(C)(C)C)cc5)cc4s3)sc2c(OCC(CC)CCCC)c2ccsc12,883.302,10,2,13.7196,8.646810748,102.96,13,-8.0502,-7.506,-0.5458,0.3932,3.787328642,2.094704645,10.70491,-0.03632705,-0.00071,2.542966178,3.017102892,3.58748528,3.714949118,3.906932148,4.070734524,4.178907074,4.536143046,4.983847224,5.145963472,5.35333242,5.496021002,5.636862282,5.838019832,3.787328642,4.217948376,4.80335714,4.816635398,5.098107192,5.24987111,5.36281689,5.639056728,5.888479692,5.928636814,5.953383222,6.076718526,6.089538058,6.184209186,6.224626666,6.250712058,6.262626536,6.38912333,6.403554602,2.094704645,0.136051624,0.044389009,0.108367818,0.011588072,0.095527435,0.020774825,0.063067867,0.07448777,0.007368526,0.033251468,0.432081225,2.48e-06,2.97e-05,0.000276888,0.002010291,0.01136701,0.050058772,0.171714355,0.458960673,0.956921481,1.562057628,2.01972301,2.141929129,2.033244018,1.980982584,2.091799152,2.164067058,1.992309894,1.703974389,1.698096313,3.33249596,4.480276175,5.338991206,5.827680845,6.077795285,6.168446735,6.068804514,5.837891485,5.718685101,5.942186601,7.457751155,4.21e-09,9.29e-08,0.001802345,0.011386323,0.056021863,0.214666539,0.640643162,1.489186717,4.200524523,3.641931293,2.523882204,1.459653911,0.770271306,0.197899391,0.331491236,0.336168104,0.296641497,0.28664153,0.269778133,2.542966178,5.838019832,3.2950536539999997,5.618372524700001,0.7446245337132552,3.787328642,6.403554602,2.61622596,1.244362464,3.5598657300000003,0.17799328650000001,0.46235716122189296,883.3020000000021,10.0,2.0,13.719599999999973,0.6287349038216975,102.96000000000001,25.0,13.0,58.0,23.143919999999994,102.15349029708055,1338.48,27.619405374,0.19999998000000202,869.5824,12,6.9602,0.5442,0.07818739717430574,3.4801,0.28734798214189755,-4.0259,2.3286501551679546,0.39479999999999993,15.031946258622733
Train-41,4.38,c3cc(c2ccc(c1ccncc1)s2)ccn3,238.315,3,0,3.8721,3.629240426,25.78,3,-9.5787,-8.4694,-0.1299,0.9582,4.30712719,1.104583798,2.56997,-0.02253902,-0.00075,2.901342766,4.016741234,4.183729896,4.411183604,4.417085052,4.486327882,4.500387214,4.7713703,5.524375228,5.530970964,5.822460342,6.210071414,6.429937546,6.63299199,4.30712719,5.065537646,5.077638094,5.22284347,5.315134182,5.38054603,5.6572074,5.662736908,6.323302348,6.490514174,6.630128052,6.69566388,6.813804422,6.818862806,6.94455373,6.995497112,7.248837844,7.404854276,7.427220268,1.104583798,0.003556457,0.009840666,0.001012868,0.008131045,0.081178147,2.54e-05,3.36e-05,0.029282731,0.269928957,0.183993101,0.080022234,4.36e-11,1.28e-09,2.92e-08,5.19e-07,7.19e-06,7.75e-05,0.000651405,0.004261979,0.021716897,0.086180811,0.266348196,0.641084565,1.201730994,1.754387752,1.994666787,1.766210947,1.218031737,0.65461613,0.276957584,0.099375888,0.261465387,0.685852445,1.475056852,2.627493005,4.036318368,5.6560893,7.559359088,9.600729816,11.07632839,9.583030543,4.12e-18,3.33e-16,1.17e-09,2.71e-08,4.89e-07,6.87e-06,7.51e-05,0.000640532,0.088499636,0.277498745,0.677652355,1.288781536,1.908878804,1.384437941,0.119389868,0.056951233,0.098769358,0.184803157,0.196688827,2.901342766,6.63299199,3.731649224,6.167960987099998,0.9102040442867554,4.30712719,7.427220268,3.120093078,1.4057844240000001,2.6608106570000003,0.13304053285,0.24558009882190543,238.31500000000005,3.0,0.0,3.8721000000000014,0.749891700582096,25.78,2.0,3.0,17.0,7.37442,65.66523744954078,77.34,7.392620213,0.0,234.4429,3,8.339500000000001,1.1092999999999993,0.1330175510501167,4.1697500000000005,0.23982247381198538,-4.29965,2.216798383895916,-0.02119999999999922,4.575605735865254
Train-42,20.76,CCCCCCc2c(CCCCCC)c(c1cccc(OC)c1)sc2c3ccc(C(=O)OC)cc3,492.725,4,0,9.1229,5.14617303,35.53,4,-8.5964,-7.8297,-0.1538,0.8013,4.624342418,0.993873873,3.88275,-0.03913873,-0.00394,3.276493848,3.798821588,4.118082486,4.238640638,4.295621846,4.441013192,4.623548946,5.0298686,5.77461646,5.83177124,5.989312626,6.166033718,6.46884247,6.647522446,4.624342418,5.090011298,5.159526884,5.368098438,5.457438426,5.479903602,5.97286048,6.05685693,6.287410138,6.450394246,6.465358632,6.584230656,6.737283966,6.80042698,7.03952241,7.14515337,7.212449714,7.256016286,7.291920894,0.993873873,0.062324516,0.014473225,0.04137084,0.025110086,0.168559855,0.314884647,0.064696929,0.066719263,0.264430166,1.431466398,0.02319617,1.47e-17,1.1e-15,6.42e-14,2.92e-12,1.03e-10,2.85e-09,6.11e-08,1.02e-06,1.33e-05,0.000134692,0.001063401,0.006538517,0.03131064,0.116773993,0.339220874,0.76780606,1.355835272,1.876633677,2.070427928,1.741383887,1.842973977,2.280666232,2.907471396,3.683561166,4.722071723,5.976528667,7.066264757,7.57465527,7.447466078,6.452035345,6.29e-25,1.1200000000000001e-22,9.41e-15,4.82e-13,1.92e-11,5.97e-10,1.44e-08,2.72e-07,0.000405698,0.002811481,0.015173789,0.063779526,0.208786006,1.635835992,1.399960952,0.869828437,0.368139977,0.442060956,0.503520718,3.276493848,6.647522446,3.371028598,6.233118676100001,0.8103924685990576,4.624342418,7.291920894,2.667578476,1.3478485700000005,4.573928249,0.22869641245,0.3627771001914533,492.7249999999995,4.0,0.0,9.122900000000001,0.21563498873640088,35.53,18.0,4.0,35.0,13.824580000000001,95.74588755211607,142.12,10.126086515,0.0,483.6021,4,7.6758999999999995,0.7666999999999993,0.09988403967169447,3.8379499999999998,0.26055569755841074,-3.99175,2.0758566503602185,0.1884000000000008,20.84469280319668
Test-01,,COC(=O)c3ccc(c2ccc(c1ccco1)cc2)s3,284.336,4,0,4.4617,4.3235239,39.44,4,-9.1767,-7.8628,-0.2558,0.9907,4.158140424,1.533749227,2.99293,-0.02322905,-0.00074,2.85916477,3.43951515,4.1068375,4.370295,4.454874156,4.748483592,4.774792148,5.262467478,6.108147456,6.243360044,6.330381606,6.60906385,6.722579938,7.131156028,4.158140424,4.954848302,5.220686218,5.431600994,5.47222924,6.0341066,6.226064834,6.498548078,6.71934406,6.911810612,6.969262944,7.041766448,7.162969296,7.229844108,7.271216234,7.358002234,7.361324898,7.406788364,7.630051548,1.533749227,0.000125072,0.003866204,0.106471756,0.002533733,0.035106907,0.199289007,0.308478763,0.03168781,0.008776035,0.239276712,0.017023373,1.87e-10,4.93e-09,1.01e-07,1.62e-06,2.02e-05,0.000196166,0.001483072,0.008732295,0.040042589,0.143003637,0.397758088,0.861797625,1.455435397,1.921326265,2.006010776,1.735020095,1.438260573,1.440739273,1.740250637,1.93747334,1.52956754,1.115269643,1.051548098,1.477906337,2.281232167,3.232804053,4.143487272,4.886269034,5.363661761,5.661393131,3.63e-15,2.02e-13,1.6e-07,2.55e-06,3.18e-05,0.000307558,0.002319284,0.013620958,0.615640279,1.330105964,2.238060566,2.932809216,2.993106659,0.709931894,0.02024351,0.011812601,0.061287936,0.181804875,0.220199695,2.85916477,7.131156028,4.271991258,6.484134783099999,0.9701985723289822,4.158140424,7.630051548,3.471911124,1.298975654,3.2866414949999996,0.16433207474999997,0.33517294383695584,284.33599999999973,4.0,0.0,4.461700000000002,0.8423813466322374,39.44,4.0,4.0,20.0,8.39234,65.76485774373592,157.76,10.10576195,0.0,279.8743,4,7.607,1.3139000000000003,0.17272246973544506,3.8035,0.2629156663821043,-4.0593,2.166151766793743,-0.06740000000000013,9.376645503494656
Test-02,,CCCCCCc2c(CCCCCC)c(c1cccs1)sc2c3ccc(C(=O)OC)cc3,468.728,4,0,9.1758,5.019005187,26.3,4,-8.5808,-7.4499,-0.4427,0.7455,4.530526752,0.970237204,2.95569,-0.03691322,-0.00292,3.19378679,3.705191892,3.924227358,4.234214552,4.45379553,4.596322938,4.7267375,5.057181394,5.809182084,5.900530548,5.995040502,6.312392108,6.44224876,6.580684828,4.530526752,5.154691664,5.288875218,5.42548878,5.45976925,5.904435918,5.950432498,5.988457164,6.22416794,6.282959256,6.624474564,6.642749216,6.722666724,6.912021378,7.003952548,7.0643804,7.119997828,7.169428654,7.25946293,0.970237204,0.012245164,0.098765109,0.121424456,0.005682274,0.062623144,0.100178202,0.148465369,0.033142526,0.056209477,0.030987212,0.40588309,5.31e-16,3.24e-14,1.54e-12,5.67e-11,1.63e-09,3.66e-08,6.39e-07,8.68e-06,9.19e-05,0.000757325,0.004862286,0.024312472,0.094680335,0.287192496,0.678758796,1.251455916,1.807922235,2.078693569,2.003900208,2.008967925,2.539951858,3.197128175,3.646909079,3.767226475,3.713203306,3.75626051,4.064592156,4.613464638,5.240488765,5.870502444,8.02e-23,1.13e-20,3.72e-13,1.5e-11,4.75e-10,1.17e-08,2.23e-07,3.32e-06,0.00245266,0.013443425,0.057386384,0.190780595,0.493953556,1.913133146,0.797688566,0.399818656,0.250003147,0.426962671,0.445557227,3.19378679,6.580684828,3.386898038,6.241852447199999,0.7777004297546329,4.530526752,7.25946293,2.7289361779999997,1.3367399620000002,3.21231982,0.16061599099999999,0.255353744265475,468.72799999999955,4.0,0.0,9.1758,0.29841895788662365,26.3,16.0,4.0,32.0,12.93516,93.39060015787145,105.2,9.139502593500001,0.0,459.5522,4,7.0072,1.1308999999999996,0.16139111750897392,3.5036,0.28542062866176826,-3.9463000000000004,2.2224688449023864,0.05730000000000057,17.167607706602734
Test-03,,COC(=O)c3ccc(c2ccc(c1cccc(OC)c1)cc2)s3,324.401,4,0,4.8773,4.976659912,35.53,4,-8.6,-8.2543,-0.2233,0.9632,4.367121112,1.438631056,4.37442,-0.02653919,-0.00236,2.986467434,3.796416376,4.099807834,4.197169328,4.258328662,4.527489242,4.637893432,4.855850272,5.813632966,6.177960594,6.2746278,6.454882322,6.58432984,6.70558228,4.367121112,5.045837224,5.07474936,5.350456084,5.47167133,5.634295896,6.137580308,6.311499452,6.42848698,6.701565328,6.72634893,6.930940726,6.950405586,6.982404824,7.03505913,7.095053052,7.19257572,7.280142794,7.36670563,1.438631056,0.022556804,0.002367631,0.024422539,0.000388205,0.118908334,0.236404294,0.059691175,0.050115896,0.145500376,0.320242746,0.11914389,2.02e-12,7.32e-11,2.07e-09,4.55e-08,7.79e-07,1.04e-05,0.000108116,0.00087513,0.005516731,0.027084294,0.103557045,0.308367206,0.715127326,1.291596919,1.816822976,1.990869807,1.702530549,1.151583377,0.67616861,0.767274164,1.369445756,2.181511451,3.068472022,4.034441769,5.117575997,6.120132016,6.667992438,6.66819105,6.501786308,6.959079812,3.41e-19,3.2e-17,2.05e-10,5.52e-09,1.16e-07,1.89e-06,2.4e-05,0.000237689,0.051501824,0.187620258,0.532308325,1.176178754,2.024000764,2.302484218,0.299913729,0.124335151,0.080610603,0.129095199,0.178569728,2.986467434,6.70558228,3.7191148459999996,6.3222286811999995,0.8758611546946522,4.367121112,7.36670563,2.999584518,1.3806536780000003,4.29693596,0.214846798,0.37104282941876277,324.40099999999967,4.0,0.0,4.8773000000000035,0.7767988924867076,35.53,6.0,4.0,23.0,9.375459999999999,65.18446921263741,142.12,10.041329956,0.0,319.5237,4,8.031,0.345699999999999,0.04304569256061592,4.0155,0.2490349273976024,-4.2388,2.2372588021417013,0.8408000000000009,20.41253107436705
Test-04,,CCCCCCc3csc(c2ccc(c1ccc(C(=O)OC)s1)cc2)c3CCCCCC,468.728,4,0,9.1758,5.609674266,26.3,4,-8.6848,-8.0182,-0.2558,1.0993,4.314206448,1.436951089,5.03932,-0.03709872,-0.00111,2.99603869,3.486292804,4.068068954,4.15054045,4.327435114,4.506623408,4.72208825,5.079758152,5.982853268,6.103213052,6.198367702,6.387028068,6.431908828,6.58680944,4.314206448,5.037580156,5.20827582,5.414752112,5.476047824,5.55672161,6.035259614,6.159772728,6.450704196,6.52804292,6.633847452,6.77184959,6.793198946,6.903987474,7.027607932,7.059619568,7.129271532,7.200969166,7.289664458,1.436951089,0.00044745,0.010166435,0.098774982,0.000503444,0.121695918,0.083112506,0.037796351,0.011818996,0.461075318,0.164606049,0.001295345,1.41e-12,5.25e-11,1.52e-09,3.42e-08,6e-07,8.21e-06,8.74e-05,0.000724182,0.004675758,0.023512013,0.092082816,0.280916661,0.667863657,1.239346791,1.804651354,2.09809876,2.051543952,1.902102038,1.922638958,2.11918996,1.894765458,1.670806355,1.890868874,2.770155599,4.06494299,5.235322472,5.867325272,5.950022273,5.769698604,5.59975636,3.89e-18,3.2e-16,1.21e-09,2.84e-08,5.22e-07,7.47e-06,8.32e-05,0.000721896,0.105180176,0.335690955,0.834395141,1.615214768,2.435090987,1.861847145,0.154937085,0.054493232,0.094820137,0.293166117,0.390163473,2.99603869,6.58680944,3.59077075,6.261500177700002,0.8401128995976668,4.314206448,7.289664458,2.9754580099999997,1.3181677580000004,3.273804673,0.16369023365,0.3262234637099108,468.72799999999955,4.0,0.0,9.1758,0.4655207537836004,26.3,16.0,4.0,32.0,12.93516,83.55706485203167,105.2,9.434837133,0.0,459.5522,4,7.7624,0.666599999999999,0.08587549135892347,3.8812,0.257652206108367,-4.1370000000000005,2.2048295630217463,0.688500000000001,35.116611202630374
Test-05,,CCCCCCc1ccsc1c3cc(CCCCCC)c(c2sccc2CCCCCC)s3,500.883,3,0,11.5735,5.52645336,0.0,3,-8.7594,-7.3423,0.037,1.389,4.168864694,0.852818353,1.78974,-0.0435892,-0.00024,2.735383138,3.56169744,3.964334888,4.247232452,4.359434352,4.481889398,5.411007916,5.726797374,6.116454116,6.241314374,6.2758676,6.35775639,6.478116174,6.627375696,4.168864694,5.218404986,5.46881979,5.537157566,5.60123043,5.813285822,5.991358296,6.138026636,6.418531386,6.500283798,6.535531312,6.675033608,6.8151806,6.914451386,6.989980002,7.061454472,7.119092774,7.166750686,7.302831134,0.852818353,0.018815962,0.073186359,0.160571547,0.080599295,0.130204806,0.008118124,0.076710108,0.038233866,0.048679964,0.006294797,0.402091946,1.03e-08,2e-07,3.02e-06,3.55e-05,0.000324634,0.002312664,0.012830922,0.055440804,0.186563884,0.488936065,0.997937757,1.586299493,1.963923766,1.894687515,1.429951186,0.869954204,0.51765126,0.524373946,0.892545674,2.040137496,2.350402436,2.460252938,2.613618966,2.984631349,3.579267732,4.341549767,5.138884828,5.644106131,5.464726762,3.077629297,1.29e-15,7.39e-14,6.51e-08,1.07e-06,1.36e-05,0.00013567,0.001050887,0.006339477,0.310530282,0.689139114,1.191067083,1.603215583,1.680637416,0.432055727,0.016868519,0.017613497,0.094981173,0.356761651,0.543620201,2.735383138,6.627375696,3.8919925579999997,6.2882277861,0.8015131431604993,4.168864694,7.302831134,3.13396644,1.4334815559999998,2.190793804,0.10953969020000001,0.1991803542433639,500.8829999999994,3.0,0.0,11.573499999999985,0.1368691820302547,0.0,20.0,3.0,33.0,13.714699999999997,90.63369881878478,0.0,5.76322668,0.0,489.30949999999996,3,7.3793,1.4170999999999996,0.19203715907509392,3.68965,0.2710283438731739,-3.65265,1.808010518951662,-0.06509999999999949,9.255750016541022
Test-06,,c4ccc3c(c1ccncc1)ccc(c2ccncc2)c3c4,282.346,2,0,4.9638,3.743344213,25.78,2,-9.3724,-8.0782,-0.0463,1.074,4.676314834,0.563152256,0.70168,-0.02571079,-0.00159,3.06515754,4.18519286,4.204868486,4.317504316,4.453026854,4.473433962,4.520645546,4.67875724,5.019280708,5.440453166,5.51060105,5.647623746,5.665538856,6.012806836,4.676314834,4.688452476,5.23524147,5.246114516,5.59670516,5.608892394,5.633080892,5.646780682,5.800131544,6.189713898,6.295977156,6.388553022,6.558591592,6.589078274,6.673000336,6.714843586,6.799583916,6.855387314,6.982789162,0.563152256,0.012355216,0.005896871,0.002863847,0.038030565,0.030091956,0.072461646,0.007843513,0.274823457,0.078331441,0.774077866,0.007760609,1e-13,4.43e-12,1.52e-10,4.08e-09,8.51e-08,1.38e-06,1.75e-05,0.000172395,0.001323036,0.007907588,0.036808051,0.133434463,0.376720787,0.828318834,1.418410274,1.891614327,1.96467154,1.589197825,1.00130055,0.197824441,0.107691997,0.221172063,0.664200406,1.681058259,3.462629208,5.925021722,8.690008828,11.29219183,13.30680985,14.05016578,2.2e-26,4.49e-24,6.33e-16,3.69e-14,1.68e-12,5.94e-11,1.64e-09,3.51e-08,7.74e-05,0.000611338,0.003759201,0.018002907,0.067146489,0.777460793,0.950556677,0.619795863,0.148310905,0.141808626,0.270638002,3.06515754,6.012806836,2.9476492960000003,5.991544885900001,0.7106257628202369,4.676314834,6.982789162,2.306474328,1.6111572940000003,3.787838173,0.18939190865,0.2999145888577664,282.3459999999997,2.0,0.0,4.963800000000003,0.5334981216607394,25.78,2.0,2.0,22.0,9.59276,75.42611860094027,51.56,6.4496721065000004,0.0,277.3822,2,8.0319,1.2942,0.1611324641576135,4.01595,0.24900702224703436,-4.062250000000001,2.05454189699822,-0.17389999999999994,38.85425758001081
Test-07,,c4cc(c2ccc(c1ccncc1)c3nsnc23)ccn4,292.367,5,0,3.1617,3.506303567,51.56,5,-9.544,-9.4686,0.0091,0.8348,5.314687854,0.016292918,2.49982,-0.02266154,-0.00108,3.799540672,4.347036352,4.34897044,4.476744228,4.495043676,4.579374872,4.580924622,4.767874064,5.434799678,5.491656906,5.497880702,5.76742562,6.05363345,6.46673481,5.311848712,5.314687854,5.396117918,5.496888862,5.622406214,5.629336696,5.71262646,5.718689082,6.1283314,6.572353372,6.617940818,6.624164614,6.712103628,6.837050672,7.001286978,7.030980188,7.054883532,7.128986378,7.204366218,0.003859871,0.016292918,3.38e-05,0.277022948,0.000477028,4.15e-05,0.054754162,0.015962425,0.022794223,0.002190752,0.018674186,1.883680986,3.9200000000000003e-29,1.09e-26,2.34e-24,3.94e-22,5.15e-20,5.25e-18,4.16e-16,2.57e-14,1.24e-12,4.64e-11,1.35e-09,3.08e-08,5.45e-07,7.52e-06,8.07e-05,0.000675325,0.004398632,0.02231267,0.088150373,0.650342586,1.216543005,1.785380402,2.101709868,2.152435381,2.367144228,3.402296685,5.629307348,8.748897096,11.84875161,14.21898806,4.11e-45,4.12e-42,3.4100000000000004e-31,9.81e-29,2.19e-26,3.8199999999999995e-24,5.19e-22,5.49e-20,1.45e-14,5.68e-13,1.73e-11,4.14e-10,7.75e-09,1.24e-05,0.002757811,0.011182683,0.101123074,0.397413598,0.570077819,3.799540672,6.46673481,2.667194138,6.2581192430999995,0.6843758247119042,5.311848712,7.204366218,1.892517506,1.5123080399999997,2.6431992729999996,0.13215996365,0.4174955696995925,290.3509999999998,5.0,0.0,3.8153000000000015,0.5512769740946837,51.56,2.0,5.0,21.0,9.06306,83.38322995430762,257.8,11.9091517835,0.0,289.2053,5,9.4777,0.07540000000000013,0.007955515794389393,4.73885,0.2110216168434078,-4.72975,2.360333737351889,0.7502999999999999,-2.033606937885239
Test-08,,c3cc(c2ccc(c1ccncc1)s2)ccn3,238.315,3,0,3.8721,3.629240426,25.78,3,-9.5787,-8.4694,-0.1299,0.9582,4.30712719,1.104583798,2.56997,-0.02253902,-0.00075,2.901342766,4.016741234,4.183729896,4.411183604,4.417085052,4.486327882,4.500387214,4.7713703,5.524375228,5.530970964,5.822460342,6.210071414,6.429937546,6.63299199,4.30712719,5.065537646,5.077638094,5.22284347,5.315134182,5.38054603,5.6572074,5.662736908,6.323302348,6.490514174,6.630128052,6.69566388,6.813804422,6.818862806,6.94455373,6.995497112,7.248837844,7.404854276,7.427220268,1.104583798,0.003556457,0.009840666,0.001012868,0.008131045,0.081178147,2.54e-05,3.36e-05,0.029282731,0.269928957,0.183993101,0.080022234,4.36e-11,1.28e-09,2.92e-08,5.19e-07,7.19e-06,7.75e-05,0.000651405,0.004261979,0.021716897,0.086180811,0.266348196,0.641084565,1.201730994,1.754387752,1.994666787,1.766210947,1.218031737,0.65461613,0.276957584,0.099375888,0.261465387,0.685852445,1.475056852,2.627493005,4.036318368,5.6560893,7.559359088,9.600729816,11.07632839,9.583030543,4.12e-18,3.33e-16,1.17e-09,2.71e-08,4.89e-07,6.87e-06,7.51e-05,0.000640532,0.088499636,0.277498745,0.677652355,1.288781536,1.908878804,1.384437941,0.119389868,0.056951233,0.098769358,0.184803157,0.196688827,2.901342766,6.63299199,3.731649224,6.167960987099998,0.9102040442867554,4.30712719,7.427220268,3.120093078,1.4057844240000001,2.6608106570000003,0.13304053285,0.24558009882190543,238.31500000000005,3.0,0.0,3.8721000000000014,0.7498917011655128,25.78,2.0,3.0,17.0,7.37442,65.66523744954078,77.34,7.392620213,0.0,234.4429,3,8.339500000000001,1.1092999999999993,0.1330175510501167,4.1697500000000005,0.23982247381198538,-4.29965,2.216798383895916,-0.02119999999999922,4.575605735865254
Test-09,,CCCCCCc2c(CCCCCC)c(c1cccc(OC)c1)sc2c3ccc(C(=O)OC)cc3,492.725,4,0,9.1229,5.14617303,35.53,4,-8.5964,-7.8297,-0.1538,0.8013,4.624342418,0.993873873,3.88275,-0.03913873,-0.00394,3.276493848,3.798821588,4.118082486,4.238640638,4.295621846,4.441013192,4.623548946,5.0298686,5.77461646,5.83177124,5.989312626,6.166033718,6.46884247,6.647522446,4.624342418,5.090011298,5.159526884,5.368098438,5.457438426,5.479903602,5.97286048,6.05685693,6.287410138,6.450394246,6.465358632,6.584230656,6.737283966,6.80042698,7.03952241,7.14515337,7.212449714,7.256016286,7.291920894,0.993873873,0.062324516,0.014473225,0.04137084,0.025110086,0.168559855,0.314884647,0.064696929,0.066719263,0.264430166,1.431466398,0.02319617,1.47e-17,1.1e-15,6.42e-14,2.92e-12,1.03e-10,2.85e-09,6.11e-08,1.02e-06,1.33e-05,0.000134692,0.001063401,0.006538517,0.03131064,0.116773993,0.339220874,0.76780606,1.355835272,1.876633677,2.070427928,1.741383887,1.842973977,2.280666232,2.907471396,3.683561166,4.722071723,5.976528667,7.066264757,7.57465527,7.447466078,6.452035345,6.29e-25,1.1200000000000001e-22,9.41e-15,4.82e-13,1.92e-11,5.97e-10,1.44e-08,2.72e-07,0.000405698,0.002811481,0.015173789,0.063779526,0.208786006,1.635835992,1.399960952,0.869828437,0.368139977,0.442060956,0.503520718,3.276493848,6.647522446,3.371028598,6.233118676100001,0.8103924685990576,4.624342418,7.291920894,2.667578476,1.3478485700000005,4.573928249,0.22869641245,0.3627771001914533,492.7249999999995,4.0,0.0,9.122900000000001,0.26409368121570304,35.53,18.0,4.0,35.0,13.824580000000001,95.74588755211607,142.12,10.126086515,0.0,483.6021,4,7.6758999999999995,0.7666999999999993,0.09988403967169447,3.8379499999999998,0.26055569755841074,-3.99175,2.0758566503602185,0.1884000000000008,20.84469280319668
