PassengerId,Survived,Pclass,Sex,Age,SibSp,Parch,Fare,Embarked,Title,IsAdult,FamSize,hasNanny,TicketLetter,TicketNumber,CabinLet,CabinNum
1,0.0,3,1,22.0,1,0,7.25,S,Mr,1,2,0,A/5,21171,N,-1
2,1.0,1,0,38.0,1,0,71.2833,C,Mrs,1,2,0,PC,17599,C,85
3,1.0,3,0,26.0,0,0,7.925,S,Mrs,1,1,0,STON/O2.,3101282,N,-1
4,1.0,1,0,35.0,1,0,53.1,S,Mrs,1,2,0,No,113803,C,123
5,0.0,3,1,35.0,0,0,8.05,S,Mr,1,1,0,No,373450,N,-1
6,0.0,3,1,35.5,0,0,8.4583,Q,Mr,1,1,0,No,330877,N,-1
7,0.0,1,1,54.0,0,0,51.8625,S,Mr,1,1,0,No,17463,E,46
8,0.0,3,1,2.0,3,1,21.075,S,Master,0,5,0,No,349909,N,-1
9,1.0,3,0,27.0,0,2,11.1333,S,Mrs,1,3,0,No,347742,N,-1
10,1.0,2,0,14.0,1,0,30.0708,C,Miss,0,2,0,No,237736,N,-1
11,1.0,3,0,4.0,1,1,16.7,S,Miss,0,3,0,PP,9549,G,6
12,1.0,1,0,58.0,0,0,26.55,S,Mrs,1,1,0,No,113783,C,103
13,0.0,3,1,20.0,0,0,8.05,S,Master,0,1,1,A/5.,2151,N,-1
14,0.0,3,1,39.0,1,5,31.275,S,Mr,1,7,0,No,347082,N,-1
15,0.0,3,0,14.0,0,0,7.8542,S,Miss,0,1,1,No,350406,N,-1
16,1.0,2,0,55.0,0,0,16.0,S,Mrs,1,1,0,No,248706,N,-1
17,0.0,3,1,2.0,4,1,29.125,Q,Master,0,6,0,No,382652,N,-1
18,1.0,2,1,35.5,0,0,13.0,S,Mr,1,1,0,No,244373,N,-1
19,0.0,3,0,31.0,1,0,18.0,S,Mrs,1,2,0,No,345763,N,-1
20,1.0,3,0,35.0,0,0,7.225,C,Mrs,1,1,0,No,2649,N,-1
21,0.0,2,1,35.0,0,0,26.0,S,Mr,1,1,0,No,239865,N,-1
22,1.0,2,1,34.0,0,0,13.0,S,Mr,1,1,0,No,248698,D,56
23,1.0,3,0,15.0,0,0,8.0292,Q,Miss,0,1,1,No,330923,N,-1
24,1.0,1,1,28.0,0,0,35.5,S,Mr,1,1,0,No,113788,A,6
25,0.0,3,0,8.0,3,1,21.075,S,Miss,0,5,0,No,349909,N,-1
26,1.0,3,0,38.0,1,5,31.3875,S,Mrs,1,7,0,No,347077,N,-1
27,0.0,3,1,35.5,0,0,7.225,C,Mr,1,1,0,No,2631,N,-1
28,0.0,1,1,19.0,3,2,263.0,S,Master,0,6,0,No,19950,C,25
29,1.0,3,0,12.0,0,0,7.8792,Q,Miss,0,1,1,No,330959,N,-1
30,0.0,3,1,35.5,0,0,7.8958,S,Mr,1,1,0,No,349216,N,-1
31,0.0,1,1,40.0,0,0,27.7208,C,Mr,1,1,0,PC,17601,N,-1
32,1.0,1,0,35.0,1,0,146.5208,C,Mrs,1,2,0,PC,17569,B,78
33,1.0,3,0,12.0,0,0,7.75,Q,Miss,0,1,1,No,335677,N,-1
34,0.0,2,1,66.0,0,0,10.5,S,Mr,1,1,0,C.A.,24579,N,-1
35,0.0,1,1,28.0,1,0,82.1708,C,Mr,1,2,0,PC,17604,N,-1
36,0.0,1,1,42.0,1,0,52.0,S,Mr,1,2,0,No,113789,N,-1
37,1.0,3,1,35.5,0,0,7.2292,C,Mr,1,1,0,No,2677,N,-1
38,0.0,3,1,21.0,0,0,8.05,S,Mr,1,1,0,A./5.,2152,N,-1
39,0.0,3,0,18.0,2,0,18.0,S,Miss,0,3,0,No,345764,N,-1
40,1.0,3,0,14.0,1,0,11.2417,C,Miss,0,2,0,No,2651,N,-1
41,0.0,3,0,40.0,1,0,9.475,S,Mrs,1,2,0,No,7546,N,-1
42,0.0,2,0,27.0,1,0,21.0,S,Mrs,1,2,0,No,11668,N,-1
43,0.0,3,1,35.5,0,0,7.8958,C,Mr,1,1,0,No,349253,N,-1
44,1.0,2,0,3.0,1,2,41.5792,C,Miss,0,4,0,SC/Paris,2123,N,-1
45,1.0,3,0,19.0,0,0,7.8792,Q,Miss,0,1,1,No,330958,N,-1
46,0.0,3,1,35.5,0,0,8.05,S,Mr,1,1,0,S.C./A.4.,23567,N,-1
47,0.0,3,1,35.5,1,0,15.5,Q,Mr,1,2,0,No,370371,N,-1
48,1.0,3,0,12.0,0,0,7.75,Q,Miss,0,1,1,No,14311,N,-1
49,0.0,3,1,35.5,2,0,21.6792,C,Mr,1,3,0,No,2662,N,-1
50,0.0,3,0,18.0,1,0,17.8,S,Miss,0,2,0,No,349237,N,-1
51,0.0,3,1,7.0,4,1,39.6875,S,Master,0,6,0,No,3101295,N,-1
52,0.0,3,1,21.0,0,0,7.8,S,Mr,1,1,0,A/4.,39886,N,-1
53,1.0,1,0,49.0,1,0,76.7292,C,Mrs,1,2,0,PC,17572,D,33
54,1.0,2,0,29.0,1,0,26.0,S,Mrs,1,2,0,No,2926,N,-1
55,0.0,1,1,65.0,0,1,61.9792,C,Mr,1,2,0,No,113509,B,30
56,1.0,1,1,35.5,0,0,35.5,S,Mr,1,1,0,No,19947,C,52
57,1.0,2,0,21.0,0,0,10.5,S,Mrs,1,1,0,C.A.,31026,N,-1
58,0.0,3,1,28.5,0,0,7.2292,C,Mr,1,1,0,No,2697,N,-1
59,1.0,2,0,5.0,1,2,27.75,S,Miss,0,4,0,C.A.,34651,N,-1
60,0.0,3,1,11.0,5,2,46.9,S,Master,0,8,0,CA,2144,N,-1
61,0.0,3,1,22.0,0,0,7.2292,C,Mr,1,1,0,No,2669,N,-1
62,1.0,1,0,38.0,0,0,80.0,S,Mrs,1,1,0,No,113572,B,28
63,0.0,1,1,45.0,1,0,83.475,S,Mr,1,2,0,No,36973,C,83
64,0.0,3,1,4.0,3,2,27.9,S,Master,0,6,0,No,347088,N,-1
65,0.0,1,1,35.5,0,0,27.7208,C,Mr,1,1,0,PC,17605,N,-1
66,1.0,3,1,13.5,1,1,15.2458,C,Master,0,3,0,No,2661,N,-1
67,1.0,2,0,29.0,0,0,10.5,S,Mrs,1,1,0,C.A.,29395,F,33
68,0.0,3,1,19.0,0,0,8.1583,S,Master,0,1,1,S.P.,3464,N,-1
69,1.0,3,0,17.0,4,2,7.925,S,Miss,0,7,0,No,3101281,N,-1
70,0.0,3,1,26.0,2,0,8.6625,S,Mr,1,3,0,No,315151,N,-1
71,0.0,2,1,32.0,0,0,10.5,S,Mr,1,1,0,C.A.,33111,N,-1
72,0.0,3,0,16.0,5,2,46.9,S,Miss,0,8,0,CA,2144,N,-1
73,0.0,2,1,21.0,0,0,73.5,S,Mr,1,1,0,S.O.C.,14879,N,-1
74,0.0,3,1,26.0,1,0,14.4542,C,Mr,1,2,0,No,2680,N,-1
75,1.0,3,1,32.0,0,0,56.4958,S,Mr,1,1,0,No,1601,N,-1
76,0.0,3,1,25.0,0,0,7.65,S,Mr,1,1,0,No,348123,F,0
77,0.0,3,1,35.5,0,0,7.8958,S,Mr,1,1,0,No,349208,N,-1
78,0.0,3,1,35.5,0,0,8.05,S,Mr,1,1,0,No,374746,N,-1
79,1.0,2,1,0.83,0,2,29.0,S,Master,0,3,0,No,248738,N,-1
80,1.0,3,0,30.0,0,0,12.475,S,Mrs,1,1,0,No,364516,N,-1
81,0.0,3,1,22.0,0,0,9.0,S,Mr,1,1,0,No,345767,N,-1
82,1.0,3,1,29.0,0,0,9.5,S,Mr,1,1,0,No,345779,N,-1
83,1.0,3,0,12.0,0,0,7.7875,Q,Miss,0,1,1,No,330932,N,-1
84,0.0,1,1,28.0,0,0,47.1,S,Mr,1,1,0,No,113059,N,-1
85,1.0,2,0,17.0,0,0,10.5,S,Miss,0,1,1,SO/C,14885,N,-1
86,1.0,3,0,33.0,3,0,15.85,S,Mrs,1,4,0,No,3101278,N,-1
87,0.0,3,1,16.0,1,3,34.375,S,Master,0,5,0,W./C.,6608,N,-1
88,0.0,3,1,35.5,0,0,8.05,S,Mr,1,1,0,SOTON/OQ,392086,N,-1
89,1.0,1,0,23.0,3,2,263.0,S,Mrs,1,6,0,No,19950,C,25
90,0.0,3,1,24.0,0,0,8.05,S,Mr,1,1,0,No,343275,N,-1
91,0.0,3,1,29.0,0,0,8.05,S,Mr,1,1,0,No,343276,N,-1
92,0.0,3,1,20.0,0,0,7.8542,S,Master,0,1,1,No,347466,N,-1
93,0.0,1,1,46.0,1,0,61.175,S,Mr,1,2,0,W.E.P.,5734,E,31
94,0.0,3,1,26.0,1,2,20.575,S,Mr,1,4,0,C.A.,2315,N,-1
95,0.0,3,1,59.0,0,0,7.25,S,Mr,1,1,0,No,364500,N,-1
96,0.0,3,1,35.5,0,0,8.05,S,Mr,1,1,0,No,374910,N,-1
97,0.0,1,1,71.0,0,0,34.6542,C,Mr,1,1,0,PC,17754,A,5
98,1.0,1,1,23.0,0,1,63.3583,C,Mr,1,2,0,PC,17759,D,11
99,1.0,2,0,34.0,0,1,23.0,S,Mrs,1,2,0,No,231919,N,-1
100,0.0,2,1,34.0,1,0,26.0,S,Mr,1,2,0,No,244367,N,-1
101,0.0,3,0,28.0,0,0,7.8958,S,Mrs,1,1,0,No,349245,N,-1
102,0.0,3,1,35.5,0,0,7.8958,S,Mr,1,1,0,No,349215,N,-1
103,0.0,1,1,21.0,0,1,77.2875,S,Mr,1,2,0,No,35281,D,26
104,0.0,3,1,33.0,0,0,8.6542,S,Mr,1,1,0,No,7540,N,-1
105,0.0,3,1,37.0,2,0,7.925,S,Mr,1,3,0,No,3101276,N,-1
106,0.0,3,1,28.0,0,0,7.8958,S,Mr,1,1,0,No,349207,N,-1
107,1.0,3,0,21.0,0,0,7.65,S,Mrs,1,1,0,No,343120,N,-1
108,1.0,3,1,35.5,0,0,7.775,S,Mr,1,1,0,No,312991,N,-1
109,0.0,3,1,38.0,0,0,7.8958,S,Mr,1,1,0,No,349249,N,-1
110,1.0,3,0,12.0,1,0,24.15,Q,Miss,0,2,0,No,371110,N,-1
111,0.0,1,1,47.0,0,0,52.0,S,Mr,1,1,0,No,110465,C,110
112,0.0,3,0,14.5,1,0,14.4542,C,Miss,0,2,0,No,2665,N,-1
113,0.0,3,1,22.0,0,0,8.05,S,Mr,1,1,0,No,324669,N,-1
114,0.0,3,0,20.0,1,0,9.825,S,Miss,0,2,0,No,4136,N,-1
115,0.0,3,0,17.0,0,0,14.4583,C,Miss,0,1,1,No,2627,N,-1
116,0.0,3,1,21.0,0,0,7.925,S,Mr,1,1,0,STON/O,3101294,N,-1
117,0.0,3,1,70.5,0,0,7.75,Q,Mr,1,1,0,No,370369,N,-1
118,0.0,2,1,29.0,1,0,21.0,S,Mr,1,2,0,No,11668,N,-1
119,0.0,1,1,24.0,0,1,247.5208,C,Mr,1,2,0,PC,17558,B,59
120,0.0,3,0,2.0,4,2,31.275,S,Miss,0,7,0,No,347082,N,-1
121,0.0,2,1,21.0,2,0,73.5,S,Mr,1,3,0,S.O.C.,14879,N,-1
122,0.0,3,1,35.5,0,0,8.05,S,Mr,1,1,0,A4.,54510,N,-1
123,0.0,2,1,32.5,1,0,30.0708,C,Mr,1,2,0,No,237736,N,-1
124,1.0,2,0,32.5,0,0,13.0,S,Mrs,1,1,0,No,27267,E,101
125,0.0,1,1,54.0,0,1,77.2875,S,Mr,1,2,0,No,35281,D,26
126,1.0,3,1,12.0,1,0,11.2417,C,Master,0,2,0,No,2651,N,-1
127,0.0,3,1,35.5,0,0,7.75,Q,Mr,1,1,0,No,370372,N,-1
128,1.0,3,1,24.0,0,0,7.1417,S,Mr,1,1,0,C,17369,N,-1
129,1.0,3,0,12.0,1,1,22.3583,C,Miss,0,3,0,No,2668,F,0
130,0.0,3,1,45.0,0,0,6.975,S,Mr,1,1,0,No,347061,N,-1
131,0.0,3,1,33.0,0,0,7.8958,C,Mr,1,1,0,No,349241,N,-1
132,0.0,3,1,20.0,0,0,7.05,S,Master,0,1,1,SOTON/O.Q.,3101307,N,-1
133,0.0,3,0,47.0,1,0,14.5,S,Mrs,1,2,0,A/5.,3337,N,-1
134,1.0,2,0,29.0,1,0,26.0,S,Mrs,1,2,0,No,228414,N,-1
135,0.0,2,1,25.0,0,0,13.0,S,Mr,1,1,0,C.A.,29178,N,-1
136,0.0,2,1,23.0,0,0,15.0458,C,Mr,1,1,0,SC/PARIS,2133,N,-1
137,1.0,1,0,19.0,0,2,26.2833,S,Miss,0,3,0,No,11752,D,47
138,0.0,1,1,37.0,1,0,53.1,S,Mr,1,2,0,No,113803,C,123
139,0.0,3,1,16.0,0,0,9.2167,S,Master,0,1,1,No,7534,N,-1
140,0.0,1,1,24.0,0,0,79.2,C,Mr,1,1,0,PC,17593,B,86
141,0.0,3,0,35.0,0,2,15.2458,C,Mrs,1,3,0,No,2678,N,-1
142,1.0,3,0,22.0,0,0,7.75,S,Mrs,1,1,0,No,347081,N,-1
143,1.0,3,0,24.0,1,0,15.85,S,Mrs,1,2,0,STON/O2.,3101279,N,-1
144,0.0,3,1,19.0,0,0,6.75,Q,Master,0,1,1,No,365222,N,-1
145,0.0,2,1,18.0,0,0,11.5,S,Master,0,1,1,No,231945,N,-1
146,0.0,2,1,19.0,1,1,36.75,S,Master,0,3,0,C.A.,33112,N,-1
147,1.0,3,1,27.0,0,0,7.7958,S,Mr,1,1,0,No,350043,N,-1
148,0.0,3,0,9.0,2,2,34.375,S,Miss,0,5,0,W./C.,6608,N,-1
149,0.0,2,1,36.5,0,2,26.0,S,Mr,1,3,0,No,230080,F,2
150,0.0,2,1,42.0,0,0,13.0,S,Mr,1,1,0,No,244310,N,-1
151,0.0,2,1,51.0,0,0,12.525,S,Mr,1,1,0,S.O.P.,1166,N,-1
152,1.0,1,0,22.0,1,0,66.6,S,Mrs,1,2,0,No,113776,C,2
153,0.0,3,1,55.5,0,0,8.05,S,Mr,1,1,0,A.5.,11206,N,-1
154,0.0,3,1,40.5,0,2,14.5,S,Mr,1,3,0,A/5.,851,N,-1
155,0.0,3,1,35.5,0,0,7.3125,S,Mr,1,1,0,Fa,265302,N,-1
156,0.0,1,1,51.0,0,1,61.3792,C,Mr,1,2,0,PC,17597,N,-1
157,1.0,3,0,16.0,0,0,7.7333,Q,Miss,0,1,1,No,35851,N,-1
158,0.0,3,1,30.0,0,0,8.05,S,Mr,1,1,0,SOTON/OQ,392090,N,-1
159,0.0,3,1,35.5,0,0,8.6625,S,Mr,1,1,0,No,315037,N,-1
160,0.0,3,1,13.5,8,2,69.55,S,Master,0,11,0,CA.,2343,N,-1
161,0.0,3,1,44.0,0,1,16.1,S,Mr,1,2,0,No,371362,N,-1
162,1.0,2,0,40.0,0,0,15.75,S,Mrs,1,1,0,C.A.,33595,N,-1
163,0.0,3,1,26.0,0,0,7.775,S,Mr,1,1,0,No,347068,N,-1
164,0.0,3,1,17.0,0,0,8.6625,S,Master,0,1,1,No,315093,N,-1
165,0.0,3,1,1.0,4,1,39.6875,S,Master,0,6,0,No,3101295,N,-1
166,1.0,3,1,9.0,0,2,20.525,S,Master,0,3,0,No,363291,N,-1
167,1.0,1,0,35.0,0,1,55.0,S,Mrs,1,2,0,No,113505,E,33
168,0.0,3,0,45.0,1,4,27.9,S,Mrs,1,6,0,No,347088,N,-1
169,0.0,1,1,35.5,0,0,25.925,S,Mr,1,1,0,PC,17318,N,-1
170,0.0,3,1,28.0,0,0,56.4958,S,Mr,1,1,0,No,1601,N,-1
171,0.0,1,1,61.0,0,0,33.5,S,Mr,1,1,0,No,111240,B,19
172,0.0,3,1,4.0,4,1,29.125,Q,Master,0,6,0,No,382652,N,-1
173,1.0,3,0,1.0,1,1,11.1333,S,Miss,0,3,0,No,347742,N,-1
174,0.0,3,1,21.0,0,0,7.925,S,Mr,1,1,0,STON/O,3101280,N,-1
175,0.0,1,1,56.0,0,0,30.6958,C,Mr,1,1,0,No,17764,A,7
176,0.0,3,1,18.0,1,1,7.8542,S,Master,0,3,0,No,350404,N,-1
177,0.0,3,1,13.5,3,1,25.4667,S,Master,0,5,0,No,4133,N,-1
178,0.0,1,0,50.0,0,0,28.7125,C,Mrs,1,1,0,PC,17595,C,49
179,0.0,2,1,30.0,0,0,13.0,S,Mr,1,1,0,No,250653,N,-1
180,0.0,3,1,36.0,0,0,1.0,S,Mr,1,1,0,No,LINE,N,-1
181,0.0,3,0,12.0,8,2,69.55,S,Miss,0,11,0,CA.,2343,N,-1
182,0.0,2,1,35.5,0,0,15.05,C,Mr,1,1,0,SC/PARIS,2131,N,-1
183,0.0,3,1,9.0,4,2,31.3875,S,Master,0,7,0,No,347077,N,-1
184,1.0,2,1,1.0,2,1,39.0,S,Master,0,4,0,No,230136,F,4
185,1.0,3,0,4.0,0,2,22.025,S,Miss,0,3,0,No,315153,N,-1
186,0.0,1,1,35.5,0,0,50.0,S,Mr,1,1,0,No,113767,A,32
187,1.0,3,0,35.0,1,0,15.5,Q,Mrs,1,2,0,No,370365,N,-1
188,1.0,1,1,45.0,0,0,26.55,S,Mr,1,1,0,No,111428,N,-1
189,0.0,3,1,40.0,1,1,15.5,Q,Mr,1,3,0,No,364849,N,-1
190,0.0,3,1,36.0,0,0,7.8958,S,Mr,1,1,0,No,349247,N,-1
191,1.0,2,0,32.0,0,0,13.0,S,Mrs,1,1,0,No,234604,N,-1
192,0.0,2,1,19.0,0,0,13.0,S,Master,0,1,1,No,28424,N,-1
193,1.0,3,0,19.0,1,0,7.8542,S,Miss,0,2,0,No,350046,N,-1
194,1.0,2,1,3.0,1,1,26.0,S,Master,0,3,0,No,230080,F,2
195,1.0,1,0,44.0,0,0,27.7208,C,Mrs,1,1,0,PC,17610,B,4
196,1.0,1,0,58.0,0,0,146.5208,C,Mrs,1,1,0,PC,17569,B,80
197,0.0,3,1,35.5,0,0,7.75,Q,Mr,1,1,0,No,368703,N,-1
198,0.0,3,1,42.0,0,1,8.4042,S,Mr,1,2,0,No,4579,N,-1
199,1.0,3,0,12.0,0,0,7.75,Q,Miss,0,1,1,No,370370,N,-1
200,0.0,2,0,24.0,0,0,13.0,S,Mrs,1,1,0,No,248747,N,-1
201,0.0,3,1,28.0,0,0,9.5,S,Mr,1,1,0,No,345770,N,-1
202,0.0,3,1,35.5,8,2,69.55,S,Mr,1,11,0,CA.,2343,N,-1
203,0.0,3,1,34.0,0,0,6.4958,S,Mr,1,1,0,No,3101264,N,-1
204,0.0,3,1,45.5,0,0,7.225,C,Mr,1,1,0,No,2628,N,-1
205,1.0,3,1,18.0,0,0,8.05,S,Master,0,1,1,A/5,3540,N,-1
206,0.0,3,0,2.0,0,1,10.4625,S,Miss,0,2,0,No,347054,G,6
207,0.0,3,1,32.0,1,0,15.85,S,Mr,1,2,0,No,3101278,N,-1
208,1.0,3,1,26.0,0,0,18.7875,C,Mr,1,1,0,No,2699,N,-1
209,1.0,3,0,16.0,0,0,7.75,Q,Miss,0,1,1,No,367231,N,-1
210,1.0,1,1,40.0,0,0,31.0,C,Mr,1,1,0,No,112277,A,31
211,0.0,3,1,24.0,0,0,7.05,S,Mr,1,1,0,SOTON/O.Q.,3101311,N,-1
212,1.0,2,0,35.0,0,0,21.0,S,Mrs,1,1,0,F.C.C.,13528,N,-1
213,0.0,3,1,22.0,0,0,7.25,S,Mr,1,1,0,A/5,21174,N,-1
214,0.0,2,1,30.0,0,0,13.0,S,Mr,1,1,0,No,250646,N,-1
215,0.0,3,1,35.5,1,0,7.75,Q,Mr,1,2,0,No,367229,N,-1
216,1.0,1,0,31.0,1,0,113.275,C,Mrs,1,2,0,No,35273,D,36
217,1.0,3,0,27.0,0,0,7.925,S,Mrs,1,1,0,STON/O2.,3101283,N,-1
218,0.0,2,1,42.0,1,0,27.0,S,Mr,1,2,0,No,243847,N,-1
219,1.0,1,0,32.0,0,0,76.2917,C,Mrs,1,1,0,No,11813,D,15
220,0.0,2,1,30.0,0,0,10.5,S,Mr,1,1,0,W/C,14208,N,-1
221,1.0,3,1,16.0,0,0,8.05,S,Master,0,1,1,SOTON/OQ,392089,N,-1
222,0.0,2,1,27.0,0,0,13.0,S,Mr,1,1,0,No,220367,N,-1
223,0.0,3,1,51.0,0,0,8.05,S,Mr,1,1,0,No,21440,N,-1
224,0.0,3,1,35.5,0,0,7.8958,S,Mr,1,1,0,No,349234,N,-1
225,1.0,1,1,38.0,1,0,90.0,S,Mr,1,2,0,No,19943,C,93
226,0.0,3,1,22.0,0,0,9.35,S,Mr,1,1,0,PP,4348,N,-1
227,1.0,2,1,19.0,0,0,10.5,S,Master,0,1,1,SW/PP,751,N,-1
228,0.0,3,1,20.5,0,0,7.25,S,Master,0,1,1,A/5,21173,N,-1
229,0.0,2,1,18.0,0,0,13.0,S,Master,0,1,1,No,236171,N,-1
230,0.0,3,0,12.0,3,1,25.4667,S,Miss,0,5,0,No,4133,N,-1
231,1.0,1,0,35.0,1,0,83.475,S,Mrs,1,2,0,No,36973,C,83
232,0.0,3,1,29.0,0,0,7.775,S,Mr,1,1,0,No,347067,N,-1
233,0.0,2,1,59.0,0,0,13.5,S,Mr,1,1,0,No,237442,N,-1
234,1.0,3,0,5.0,4,2,31.3875,S,Miss,0,7,0,No,347077,N,-1
235,0.0,2,1,24.0,0,0,10.5,S,Mr,1,1,0,C.A.,29566,N,-1
236,0.0,3,0,12.0,0,0,7.55,S,Miss,0,1,1,W./C.,6609,N,-1
237,0.0,2,1,44.0,1,0,26.0,S,Mr,1,2,0,No,26707,N,-1
238,1.0,2,0,8.0,0,2,26.25,S,Miss,0,3,0,C.A.,31921,N,-1
239,0.0,2,1,19.0,0,0,10.5,S,Master,0,1,1,No,28665,N,-1
240,0.0,2,1,33.0,0,0,12.275,S,Mr,1,1,0,SCO/W,1585,N,-1
241,0.0,3,0,12.0,1,0,14.4542,C,Miss,0,2,0,No,2665,N,-1
242,1.0,3,0,12.0,1,0,15.5,Q,Miss,0,2,0,No,367230,N,-1
243,0.0,2,1,29.0,0,0,10.5,S,Mr,1,1,0,W./C.,14263,N,-1
244,0.0,3,1,22.0,0,0,7.125,S,Mr,1,1,0,STON/O,3101275,N,-1
245,0.0,3,1,30.0,0,0,7.225,C,Mr,1,1,0,No,2694,N,-1
246,0.0,1,1,44.0,2,0,90.0,Q,Mr,1,3,0,No,19928,C,78
247,0.0,3,0,25.0,0,0,7.775,S,Mrs,1,1,0,No,347071,N,-1
248,1.0,2,0,24.0,0,2,14.5,S,Mrs,1,3,0,No,250649,N,-1
249,1.0,1,1,37.0,1,1,52.5542,S,Mr,1,3,0,No,11751,D,35
250,0.0,2,1,54.0,1,0,26.0,S,Mr,1,2,0,No,244252,N,-1
251,0.0,3,1,35.5,0,0,7.25,S,Mr,1,1,0,No,362316,N,-1
252,0.0,3,0,29.0,1,1,10.4625,S,Mrs,1,3,0,No,347054,G,6
253,0.0,1,1,62.0,0,0,26.55,S,Mr,1,1,0,No,113514,C,87
254,0.0,3,1,30.0,1,0,16.1,S,Mr,1,2,0,A/5.,3336,N,-1
255,0.0,3,0,41.0,0,2,20.2125,S,Mrs,1,3,0,No,370129,N,-1
256,1.0,3,0,29.0,0,2,15.2458,C,Mrs,1,3,0,No,2650,N,-1
257,1.0,1,0,35.0,0,0,79.2,C,Mrs,1,1,0,PC,17585,N,-1
258,1.0,1,0,30.0,0,0,86.5,S,Mrs,1,1,0,No,110152,B,77
259,1.0,1,0,35.0,0,0,512.3292,C,Mrs,1,1,0,PC,17755,N,-1
260,1.0,2,0,50.0,0,1,26.0,S,Mrs,1,2,0,No,230433,N,-1
261,0.0,3,1,35.5,0,0,7.75,Q,Mr,1,1,0,No,384461,N,-1
262,1.0,3,1,3.0,4,2,31.3875,S,Master,0,7,0,No,347077,N,-1
263,0.0,1,1,52.0,1,1,79.65,S,Mr,1,3,0,No,110413,E,67
264,0.0,1,1,40.0,0,0,1.0,S,Mr,1,1,0,No,112059,B,94
265,0.0,3,0,12.0,0,0,7.75,Q,Miss,0,1,1,No,382649,N,-1
266,0.0,2,1,36.0,0,0,10.5,S,Mr,1,1,0,C.A.,17248,N,-1
267,0.0,3,1,16.0,4,1,39.6875,S,Master,0,6,0,No,3101295,N,-1
268,1.0,3,1,25.0,1,0,7.775,S,Mr,1,2,0,No,347083,N,-1
269,1.0,1,0,58.0,0,1,153.4625,S,Mrs,1,2,0,PC,17582,C,125
270,1.0,1,0,35.0,0,0,135.6333,S,Mrs,1,1,0,PC,17760,C,99
271,0.0,1,1,35.5,0,0,31.0,S,Mr,1,1,0,No,113798,N,-1
272,1.0,3,1,25.0,0,0,1.0,S,Mr,1,1,0,No,LINE,N,-1
273,1.0,2,0,41.0,0,1,19.5,S,Mrs,1,2,0,No,250644,N,-1
274,0.0,1,1,37.0,0,1,29.7,C,Mr,1,2,0,PC,17596,C,118
275,1.0,3,0,12.0,0,0,7.75,Q,Miss,0,1,1,No,370375,N,-1
276,1.0,1,0,63.0,1,0,77.9583,S,Mrs,1,2,0,No,13502,D,7
277,0.0,3,0,45.0,0,0,7.75,S,Mrs,1,1,0,No,347073,N,-1
278,0.0,2,1,35.5,0,0,1.0,S,Mr,1,1,0,No,239853,N,-1
279,0.0,3,1,7.0,4,1,29.125,Q,Master,0,6,0,No,382652,N,-1
280,1.0,3,0,35.0,1,1,20.25,S,Mrs,1,3,0,C.A.,2673,N,-1
281,0.0,3,1,65.0,0,0,7.75,Q,Mr,1,1,0,No,336439,N,-1
282,0.0,3,1,28.0,0,0,7.8542,S,Mr,1,1,0,No,347464,N,-1
283,0.0,3,1,16.0,0,0,9.5,S,Master,0,1,1,No,345778,N,-1
284,1.0,3,1,19.0,0,0,8.05,S,Master,0,1,1,A/5.,10482,N,-1
285,0.0,1,1,35.5,0,0,26.0,S,Mr,1,1,0,No,113056,A,19
286,0.0,3,1,33.0,0,0,8.6625,C,Mr,1,1,0,No,349239,N,-1
287,1.0,3,1,30.0,0,0,9.5,S,Mr,1,1,0,No,345774,N,-1
288,0.0,3,1,22.0,0,0,7.8958,S,Mr,1,1,0,No,349206,N,-1
289,1.0,2,1,42.0,0,0,13.0,S,Mr,1,1,0,No,237798,N,-1
290,1.0,3,0,22.0,0,0,7.75,Q,Mrs,1,1,0,No,370373,N,-1
291,1.0,1,0,26.0,0,0,78.85,S,Mrs,1,1,0,No,19877,N,-1
292,1.0,1,0,19.0,1,0,91.0792,C,Miss,0,2,0,No,11967,B,49
293,0.0,2,1,36.0,0,0,12.875,C,Mr,1,1,0,SC/Paris,2163,D,0
294,0.0,3,0,24.0,0,0,8.85,S,Mrs,1,1,0,No,349236,N,-1
295,0.0,3,1,24.0,0,0,7.8958,S,Mr,1,1,0,No,349233,N,-1
296,0.0,1,1,35.5,0,0,27.7208,C,Mr,1,1,0,PC,17612,N,-1
297,0.0,3,1,23.5,0,0,7.2292,C,Mr,1,1,0,No,2693,N,-1
298,0.0,1,0,2.0,1,2,151.55,S,Miss,0,4,0,No,113781,C,24
299,1.0,1,1,35.5,0,0,30.5,S,Mr,1,1,0,No,19988,C,106
300,1.0,1,0,50.0,0,1,247.5208,C,Mrs,1,2,0,PC,17558,B,59
301,1.0,3,0,12.0,0,0,7.75,Q,Miss,0,1,1,No,9234,N,-1
302,1.0,3,1,35.5,2,0,23.25,Q,Mr,1,3,0,No,367226,N,-1
303,0.0,3,1,19.0,0,0,1.0,S,Master,0,1,1,No,LINE,N,-1
304,1.0,2,0,12.0,0,0,12.35,Q,Miss,0,1,1,No,226593,E,101
305,0.0,3,1,35.5,0,0,8.05,S,Mr,1,1,0,A/5,2466,N,-1
306,1.0,1,1,0.92,1,2,151.55,S,Master,0,4,0,No,113781,C,24
307,1.0,1,0,12.0,0,0,110.8833,C,Miss,0,1,1,No,17421,N,-1
308,1.0,1,0,17.0,1,0,108.9,C,Miss,0,2,0,PC,17758,C,65
309,0.0,2,1,30.0,1,0,24.0,C,Mr,1,2,0,P/PP,3381,N,-1
310,1.0,1,0,30.0,0,0,56.9292,C,Mrs,1,1,0,PC,17485,E,36
311,1.0,1,0,24.0,0,0,83.1583,C,Mrs,1,1,0,No,11767,C,54
312,1.0,1,0,18.0,2,2,262.375,C,Miss,0,5,0,PC,17608,B,61
313,0.0,2,0,26.0,1,1,26.0,S,Mrs,1,3,0,No,250651,N,-1
314,0.0,3,1,28.0,0,0,7.8958,S,Mr,1,1,0,No,349243,N,-1
315,0.0,2,1,43.0,1,1,26.25,S,Mr,1,3,0,F.C.C.,13529,N,-1
316,1.0,3,0,26.0,0,0,7.8542,S,Mrs,1,1,0,No,347470,N,-1
317,1.0,2,0,24.0,1,0,26.0,S,Mrs,1,2,0,No,244367,N,-1
318,0.0,2,1,54.0,0,0,14.0,S,Mr,1,1,0,No,29011,N,-1
319,1.0,1,0,31.0,0,2,164.8667,S,Mrs,1,3,0,No,36928,C,7
320,1.0,1,0,40.0,1,1,134.5,C,Mrs,1,3,0,No,16966,E,34
321,0.0,3,1,22.0,0,0,7.25,S,Mr,1,1,0,A/5,21172,N,-1
322,0.0,3,1,27.0,0,0,7.8958,S,Mr,1,1,0,No,349219,N,-1
323,1.0,2,0,30.0,0,0,12.35,Q,Mrs,1,1,0,No,234818,N,-1
324,1.0,2,0,22.0,1,1,29.0,S,Mrs,1,3,0,No,248738,N,-1
325,0.0,3,1,35.5,8,2,69.55,S,Mr,1,11,0,CA.,2343,N,-1
326,1.0,1,0,36.0,0,0,135.6333,C,Mrs,1,1,0,PC,17760,C,32
327,0.0,3,1,61.0,0,0,6.2375,S,Mr,1,1,0,No,345364,N,-1
328,1.0,2,0,36.0,0,0,13.0,S,Mrs,1,1,0,No,28551,D,0
329,1.0,3,0,31.0,1,1,20.525,S,Mrs,1,3,0,No,363291,N,-1
330,1.0,1,0,16.0,0,1,57.9792,C,Miss,0,2,0,No,111361,B,18
331,1.0,3,0,12.0,2,0,23.25,Q,Miss,0,3,0,No,367226,N,-1
332,0.0,1,1,45.5,0,0,28.5,S,Mr,1,1,0,No,113043,C,124
333,0.0,1,1,38.0,0,1,153.4625,S,Mr,1,2,0,PC,17582,C,91
334,0.0,3,1,16.0,2,0,18.0,S,Master,0,3,0,No,345764,N,-1
335,1.0,1,0,35.0,1,0,133.65,S,Mrs,1,2,0,PC,17611,N,-1
336,0.0,3,1,35.5,0,0,7.8958,S,Mr,1,1,0,No,349225,N,-1
337,0.0,1,1,29.0,1,0,66.6,S,Mr,1,2,0,No,113776,C,2
338,1.0,1,0,41.0,0,0,134.5,C,Mrs,1,1,0,No,16966,E,40
339,1.0,3,1,45.0,0,0,8.05,S,Mr,1,1,0,No,7598,N,-1
340,0.0,1,1,45.0,0,0,35.5,S,Mr,1,1,0,No,113784,T,0
341,1.0,2,1,2.0,1,1,26.0,S,Master,0,3,0,No,230080,F,2
342,1.0,1,0,24.0,3,2,263.0,S,Mrs,1,6,0,No,19950,C,25
343,0.0,2,1,28.0,0,0,13.0,S,Mr,1,1,0,No,248740,N,-1
344,0.0,2,1,25.0,0,0,13.0,S,Mr,1,1,0,No,244361,N,-1
345,0.0,2,1,36.0,0,0,13.0,S,Mr,1,1,0,No,229236,N,-1
346,1.0,2,0,24.0,0,0,13.0,S,Mrs,1,1,0,No,248733,F,33
347,1.0,2,0,40.0,0,0,13.0,S,Mrs,1,1,0,No,31418,N,-1
348,1.0,3,0,35.0,1,0,16.1,S,Mrs,1,2,0,No,386525,N,-1
349,1.0,3,1,3.0,1,1,15.9,S,Master,0,3,0,C.A.,37671,N,-1
350,0.0,3,1,42.0,0,0,8.6625,S,Mr,1,1,0,No,315088,N,-1
351,0.0,3,1,23.0,0,0,9.225,S,Mr,1,1,0,No,7267,N,-1
352,0.0,1,1,35.5,0,0,35.0,S,Mr,1,1,0,No,113510,C,128
353,0.0,3,1,15.0,1,1,7.2292,C,Master,0,3,0,No,2695,N,-1
354,0.0,3,1,25.0,1,0,17.8,S,Mr,1,2,0,No,349237,N,-1
355,0.0,3,1,35.5,0,0,7.225,C,Mr,1,1,0,No,2647,N,-1
356,0.0,3,1,28.0,0,0,9.5,S,Mr,1,1,0,No,345783,N,-1
357,1.0,1,0,22.0,0,1,55.0,S,Mrs,1,2,0,No,113505,E,33
358,0.0,2,0,38.0,0,0,13.0,S,Mrs,1,1,0,No,237671,N,-1
359,1.0,3,0,12.0,0,0,7.8792,Q,Miss,0,1,1,No,330931,N,-1
360,1.0,3,0,12.0,0,0,7.8792,Q,Miss,0,1,1,No,330980,N,-1
361,0.0,3,1,40.0,1,4,27.9,S,Mr,1,6,0,No,347088,N,-1
362,0.0,2,1,29.0,1,0,27.7208,C,Mr,1,2,0,SC/PARIS,2167,N,-1
363,0.0,3,0,45.0,0,1,14.4542,C,Mrs,1,2,0,No,2691,N,-1
364,0.0,3,1,35.0,0,0,7.05,S,Mr,1,1,0,SOTON/O.Q.,3101310,N,-1
365,0.0,3,1,35.5,1,0,15.5,Q,Mr,1,2,0,No,370365,N,-1
366,0.0,3,1,30.0,0,0,7.25,S,Mr,1,1,0,C,7076,N,-1
367,1.0,1,0,60.0,1,0,75.25,C,Mrs,1,2,0,No,110813,D,37
368,1.0,3,0,35.0,0,0,7.2292,C,Mrs,1,1,0,No,2626,N,-1
369,1.0,3,0,12.0,0,0,7.75,Q,Miss,0,1,1,No,14313,N,-1
370,1.0,1,0,24.0,0,0,69.3,C,Mrs,1,1,0,PC,17477,B,35
371,1.0,1,1,25.0,1,0,55.4417,C,Mr,1,2,0,No,11765,E,50
372,0.0,3,1,18.0,1,0,6.4958,S,Master,0,2,0,No,3101267,N,-1
373,0.0,3,1,19.0,0,0,8.05,S,Master,0,1,1,No,323951,N,-1
374,0.0,1,1,22.0,0,0,135.6333,C,Mr,1,1,0,PC,17760,N,-1
375,0.0,3,0,3.0,3,1,21.075,S,Miss,0,5,0,No,349909,N,-1
376,1.0,1,0,35.0,1,0,82.1708,C,Mrs,1,2,0,PC,17604,N,-1
377,1.0,3,0,22.0,0,0,7.25,S,Mrs,1,1,0,C,7077,N,-1
378,0.0,1,1,27.0,0,2,211.5,C,Mr,1,3,0,No,113503,C,82
379,0.0,3,1,20.0,0,0,4.0125,C,Master,0,1,1,No,2648,N,-1
380,0.0,3,1,19.0,0,0,7.775,S,Master,0,1,1,No,347069,N,-1
381,1.0,1,0,42.0,0,0,227.525,C,Mrs,1,1,0,PC,17757,N,-1
382,1.0,3,0,1.0,0,2,15.7417,C,Miss,0,3,0,No,2653,N,-1
383,0.0,3,1,32.0,0,0,7.925,S,Mr,1,1,0,STON/O,3101293,N,-1
384,1.0,1,0,35.0,1,0,52.0,S,Mrs,1,2,0,No,113789,N,-1
385,0.0,3,1,35.5,0,0,7.8958,S,Mr,1,1,0,No,349227,N,-1
386,0.0,2,1,18.0,0,0,73.5,S,Master,0,1,1,S.O.C.,14879,N,-1
387,0.0,3,1,1.0,5,2,46.9,S,Master,0,8,0,CA,2144,N,-1
388,1.0,2,0,36.0,0,0,13.0,S,Mrs,1,1,0,No,27849,N,-1
389,0.0,3,1,35.5,0,0,7.7292,Q,Mr,1,1,0,No,367655,N,-1
390,1.0,2,0,17.0,0,0,12.0,C,Miss,0,1,1,SC,1748,N,-1
391,1.0,1,1,36.0,1,2,120.0,S,Mr,1,4,0,No,113760,B,97
392,1.0,3,1,21.0,0,0,7.7958,S,Mr,1,1,0,No,350034,N,-1
393,0.0,3,1,28.0,2,0,7.925,S,Mr,1,3,0,No,3101277,N,-1
394,1.0,1,0,23.0,1,0,113.275,C,Mrs,1,2,0,No,35273,D,36
395,1.0,3,0,24.0,0,2,16.7,S,Mrs,1,3,0,PP,9549,G,6
396,0.0,3,1,22.0,0,0,7.7958,S,Mr,1,1,0,No,350052,N,-1
397,0.0,3,0,31.0,0,0,7.8542,S,Mrs,1,1,0,No,350407,N,-1
398,0.0,2,1,46.0,0,0,26.0,S,Mr,1,1,0,No,28403,N,-1
399,0.0,2,1,23.0,0,0,10.5,S,Mr,1,1,0,No,244278,N,-1
400,1.0,2,0,28.0,0,0,12.65,S,Mrs,1,1,0,No,240929,N,-1
401,1.0,3,1,39.0,0,0,7.925,S,Mr,1,1,0,STON/O,3101289,N,-1
402,0.0,3,1,26.0,0,0,8.05,S,Mr,1,1,0,No,341826,N,-1
403,0.0,3,0,21.0,1,0,9.825,S,Mrs,1,2,0,No,4137,N,-1
404,0.0,3,1,28.0,1,0,15.85,S,Mr,1,2,0,STON/O2.,3101279,N,-1
405,0.0,3,0,20.0,0,0,8.6625,S,Miss,0,1,1,No,315096,N,-1
406,0.0,2,1,34.0,1,0,21.0,S,Mr,1,2,0,No,28664,N,-1
407,0.0,3,1,51.0,0,0,7.75,S,Mr,1,1,0,No,347064,N,-1
408,1.0,2,1,3.0,1,1,18.75,S,Master,0,3,0,No,29106,N,-1
409,0.0,3,1,21.0,0,0,7.775,S,Mr,1,1,0,No,312992,N,-1
410,0.0,3,0,12.0,3,1,25.4667,S,Miss,0,5,0,No,4133,N,-1
411,0.0,3,1,35.5,0,0,7.8958,S,Mr,1,1,0,No,349222,N,-1
412,0.0,3,1,35.5,0,0,6.8583,Q,Mr,1,1,0,No,394140,N,-1
413,1.0,1,0,33.0,1,0,90.0,Q,Mrs,1,2,0,No,19928,C,78
414,0.0,2,1,35.5,0,0,1.0,S,Mr,1,1,0,No,239853,N,-1
415,1.0,3,1,44.0,0,0,7.925,S,Mr,1,1,0,STON/O,3101269,N,-1
416,0.0,3,0,35.0,0,0,8.05,S,Mrs,1,1,0,No,343095,N,-1
417,1.0,2,0,34.0,1,1,32.5,S,Mrs,1,3,0,No,28220,N,-1
418,1.0,2,0,18.0,0,2,13.0,S,Miss,0,3,0,No,250652,N,-1
419,0.0,2,1,30.0,0,0,13.0,S,Mr,1,1,0,No,28228,N,-1
420,0.0,3,0,10.0,0,2,24.15,S,Miss,0,3,0,No,345773,N,-1
421,0.0,3,1,35.5,0,0,7.8958,C,Mr,1,1,0,No,349254,N,-1
422,0.0,3,1,21.0,0,0,7.7333,Q,Mr,1,1,0,A/5.,13032,N,-1
423,0.0,3,1,29.0,0,0,7.875,S,Mr,1,1,0,No,315082,N,-1
424,0.0,3,0,28.0,1,1,14.4,S,Mrs,1,3,0,No,347080,N,-1
425,0.0,3,1,18.0,1,1,20.2125,S,Master,0,3,0,No,370129,N,-1
426,0.0,3,1,35.5,0,0,7.25,S,Mr,1,1,0,A/4.,34244,N,-1
427,1.0,2,0,28.0,1,0,26.0,S,Mrs,1,2,0,No,2003,N,-1
428,1.0,2,0,19.0,0,0,26.0,S,Miss,0,1,1,No,250655,N,-1
429,0.0,3,1,35.5,0,0,7.75,Q,Mr,1,1,0,No,364851,N,-1
430,1.0,3,1,32.0,0,0,8.05,S,Mr,1,1,0,SOTON/O.Q.,392078,E,10
431,1.0,1,1,28.0,0,0,26.55,S,Mr,1,1,0,No,110564,C,52
432,1.0,3,0,35.0,1,0,16.1,S,Mrs,1,2,0,No,376564,N,-1
433,1.0,2,0,42.0,1,0,26.0,S,Mrs,1,2,0,SC/AH,3085,N,-1
434,0.0,3,1,17.0,0,0,7.125,S,Master,0,1,1,STON/O,3101274,N,-1
435,0.0,1,1,50.0,1,0,55.9,S,Mr,1,2,0,No,13507,E,44
436,1.0,1,0,14.0,1,2,120.0,S,Miss,0,4,0,No,113760,B,97
437,0.0,3,0,21.0,2,2,34.375,S,Mrs,1,5,0,W./C.,6608,N,-1
438,1.0,2,0,24.0,2,3,18.75,S,Mrs,1,6,0,No,29106,N,-1
439,0.0,1,1,64.0,1,4,263.0,S,Mr,1,6,0,No,19950,C,25
440,0.0,2,1,31.0,0,0,10.5,S,Mr,1,1,0,C.A.,18723,N,-1
441,1.0,2,0,45.0,1,1,26.25,S,Mrs,1,3,0,F.C.C.,13529,N,-1
442,0.0,3,1,20.0,0,0,9.5,S,Master,0,1,1,No,345769,N,-1
443,0.0,3,1,25.0,1,0,7.775,S,Mr,1,2,0,No,347076,N,-1
444,1.0,2,0,28.0,0,0,13.0,S,Mrs,1,1,0,No,230434,N,-1
445,1.0,3,1,35.5,0,0,8.1125,S,Mr,1,1,0,No,65306,N,-1
446,1.0,1,1,4.0,0,2,81.8583,S,Master,0,3,0,No,33638,A,34
447,1.0,2,0,13.0,0,1,19.5,S,Miss,0,2,0,No,250644,N,-1
448,1.0,1,1,34.0,0,0,26.55,S,Mr,1,1,0,No,113794,N,-1
449,1.0,3,0,5.0,2,1,19.2583,C,Miss,0,4,0,No,2666,N,-1
450,1.0,1,1,52.0,0,0,30.5,S,Mr,1,1,0,No,113786,C,104
451,0.0,2,1,36.0,1,2,27.75,S,Mr,1,4,0,C.A.,34651,N,-1
452,0.0,3,1,35.5,1,0,19.9667,S,Mr,1,2,0,No,65303,N,-1
453,0.0,1,1,30.0,0,0,27.75,C,Mr,1,1,0,No,113051,C,111
454,1.0,1,1,49.0,1,0,89.1042,C,Mr,1,2,0,No,17453,C,92
455,0.0,3,1,35.5,0,0,8.05,S,Mr,1,1,0,A/5,2817,N,-1
456,1.0,3,1,29.0,0,0,7.8958,C,Mr,1,1,0,No,349240,N,-1
457,0.0,1,1,65.0,0,0,26.55,S,Mr,1,1,0,No,13509,E,38
458,1.0,1,0,35.0,1,0,51.8625,S,Mrs,1,2,0,No,17464,D,21
459,1.0,2,0,50.0,0,0,10.5,S,Mrs,1,1,0,F.C.C.,13531,N,-1
460,0.0,3,1,35.5,0,0,7.75,Q,Mr,1,1,0,No,371060,N,-1
461,1.0,1,1,48.0,0,0,26.55,S,Mr,1,1,0,No,19952,E,12
462,0.0,3,1,34.0,0,0,8.05,S,Mr,1,1,0,No,364506,N,-1
463,0.0,1,1,47.0,0,0,38.5,S,Mr,1,1,0,No,111320,E,63
464,0.0,2,1,48.0,0,0,13.0,S,Mr,1,1,0,No,234360,N,-1
465,0.0,3,1,35.5,0,0,8.05,S,Mr,1,1,0,A/S,2816,N,-1
466,0.0,3,1,38.0,0,0,7.05,S,Mr,1,1,0,SOTON/O.Q.,3101306,N,-1
467,0.0,2,1,35.5,0,0,1.0,S,Mr,1,1,0,No,239853,N,-1
468,0.0,1,1,56.0,0,0,26.55,S,Mr,1,1,0,No,113792,N,-1
469,0.0,3,1,35.5,0,0,7.725,Q,Mr,1,1,0,No,36209,N,-1
470,1.0,3,0,0.75,2,1,19.2583,C,Miss,0,4,0,No,2666,N,-1
471,0.0,3,1,35.5,0,0,7.25,S,Mr,1,1,0,No,323592,N,-1
472,0.0,3,1,38.0,0,0,8.6625,S,Mr,1,1,0,No,315089,N,-1
473,1.0,2,0,33.0,1,2,27.75,S,Mrs,1,4,0,C.A.,34651,N,-1
474,1.0,2,0,23.0,0,0,13.7917,C,Mrs,1,1,0,SC/AH,541,D,0
475,0.0,3,0,22.0,0,0,9.8375,S,Mrs,1,1,0,No,7553,N,-1
476,0.0,1,1,35.5,0,0,52.0,S,Mr,1,1,0,No,110465,A,14
477,0.0,2,1,34.0,1,0,21.0,S,Mr,1,2,0,No,31027,N,-1
478,0.0,3,1,29.0,1,0,7.0458,S,Mr,1,2,0,No,3460,N,-1
479,0.0,3,1,22.0,0,0,7.5208,S,Mr,1,1,0,No,350060,N,-1
480,1.0,3,0,2.0,0,1,12.2875,S,Miss,0,2,0,No,3101298,N,-1
481,0.0,3,1,9.0,5,2,46.9,S,Master,0,8,0,CA,2144,N,-1
482,0.0,2,1,35.5,0,0,1.0,S,Mr,1,1,0,No,239854,N,-1
483,0.0,3,1,50.0,0,0,8.05,S,Mr,1,1,0,A/5,3594,N,-1
484,1.0,3,0,63.0,0,0,9.5875,S,Mrs,1,1,0,No,4134,N,-1
485,1.0,1,1,25.0,1,0,91.0792,C,Mr,1,2,0,No,11967,B,49
486,0.0,3,0,12.0,3,1,25.4667,S,Miss,0,5,0,No,4133,N,-1
487,1.0,1,0,35.0,1,0,90.0,S,Mrs,1,2,0,No,19943,C,93
488,0.0,1,1,58.0,0,0,29.7,C,Mr,1,1,0,No,11771,B,37
489,0.0,3,1,30.0,0,0,8.05,S,Mr,1,1,0,A.5.,18509,N,-1
490,1.0,3,1,9.0,1,1,15.9,S,Master,0,3,0,C.A.,37671,N,-1
491,0.0,3,1,35.5,1,0,19.9667,S,Mr,1,2,0,No,65304,N,-1
492,0.0,3,1,21.0,0,0,7.25,S,Mr,1,1,0,SOTON/OQ,3101317,N,-1
493,0.0,1,1,55.0,0,0,30.5,S,Mr,1,1,0,No,113787,C,30
494,0.0,1,1,71.0,0,0,49.5042,C,Mr,1,1,0,PC,17609,N,-1
495,0.0,3,1,21.0,0,0,8.05,S,Mr,1,1,0,A/4,45380,N,-1
496,0.0,3,1,35.5,0,0,14.4583,C,Mr,1,1,0,No,2627,N,-1
497,1.0,1,0,54.0,1,0,78.2667,C,Mrs,1,2,0,No,36947,D,20
498,0.0,3,1,35.5,0,0,15.1,S,Mr,1,1,0,C.A.,6212,N,-1
499,0.0,1,0,25.0,1,2,151.55,S,Mrs,1,4,0,No,113781,C,24
500,0.0,3,1,24.0,0,0,7.7958,S,Mr,1,1,0,No,350035,N,-1
501,0.0,3,1,17.0,0,0,8.6625,S,Master,0,1,1,No,315086,N,-1
502,0.0,3,0,21.0,0,0,7.75,Q,Mrs,1,1,0,No,364846,N,-1
503,0.0,3,0,12.0,0,0,7.6292,Q,Miss,0,1,1,No,330909,N,-1
504,0.0,3,0,37.0,0,0,9.5875,S,Mrs,1,1,0,No,4135,N,-1
505,1.0,1,0,16.0,0,0,86.5,S,Miss,0,1,1,No,110152,B,79
506,0.0,1,1,18.0,1,0,108.9,C,Master,0,2,0,PC,17758,C,65
507,1.0,2,0,33.0,0,2,26.0,S,Mrs,1,3,0,No,26360,N,-1
508,1.0,1,1,35.5,0,0,26.55,S,Mr,1,1,0,No,111427,N,-1
509,0.0,3,1,28.0,0,0,22.525,S,Mr,1,1,0,C,4001,N,-1
510,1.0,3,1,26.0,0,0,56.4958,S,Mr,1,1,0,No,1601,N,-1
511,1.0,3,1,29.0,0,0,7.75,Q,Mr,1,1,0,No,382651,N,-1
512,0.0,3,1,35.5,0,0,8.05,S,Mr,1,1,0,SOTON/OQ,3101316,N,-1
513,1.0,1,1,36.0,0,0,26.2875,S,Mr,1,1,0,PC,17473,E,25
514,1.0,1,0,54.0,1,0,59.4,C,Mrs,1,2,0,PC,17603,N,-1
515,0.0,3,1,24.0,0,0,7.4958,S,Mr,1,1,0,No,349209,N,-1
516,0.0,1,1,47.0,0,0,34.0208,S,Mr,1,1,0,No,36967,D,46
517,1.0,2,0,34.0,0,0,10.5,S,Mrs,1,1,0,C.A.,34260,F,33
518,0.0,3,1,35.5,0,0,24.15,Q,Mr,1,1,0,No,371110,N,-1
519,1.0,2,0,36.0,1,0,26.0,S,Mrs,1,2,0,No,226875,N,-1
520,0.0,3,1,32.0,0,0,7.8958,S,Mr,1,1,0,No,349242,N,-1
521,1.0,1,0,30.0,0,0,93.5,S,Mrs,1,1,0,No,12749,B,73
522,0.0,3,1,22.0,0,0,7.8958,S,Mr,1,1,0,No,349252,N,-1
523,0.0,3,1,35.5,0,0,7.225,C,Mr,1,1,0,No,2624,N,-1
524,1.0,1,0,44.0,0,1,57.9792,C,Mrs,1,2,0,No,111361,B,18
525,0.0,3,1,35.5,0,0,7.2292,C,Mr,1,1,0,No,2700,N,-1
526,0.0,3,1,40.5,0,0,7.75,Q,Mr,1,1,0,No,367232,N,-1
527,1.0,2,0,50.0,0,0,10.5,S,Mrs,1,1,0,W./C.,14258,N,-1
528,0.0,1,1,35.5,0,0,221.7792,S,Mr,1,1,0,PC,17483,C,95
529,0.0,3,1,39.0,0,0,7.925,S,Mr,1,1,0,No,3101296,N,-1
530,0.0,2,1,23.0,2,1,11.5,S,Mr,1,4,0,No,29104,N,-1
531,1.0,2,0,2.0,1,1,26.0,S,Miss,0,3,0,No,26360,N,-1
532,0.0,3,1,35.5,0,0,7.2292,C,Mr,1,1,0,No,2641,N,-1
533,0.0,3,1,17.0,1,1,7.2292,C,Master,0,3,0,No,2690,N,-1
534,1.0,3,0,35.0,0,2,22.3583,C,Mrs,1,3,0,No,2668,N,-1
535,0.0,3,0,30.0,0,0,8.6625,S,Mrs,1,1,0,No,315084,N,-1
536,1.0,2,0,7.0,0,2,26.25,S,Miss,0,3,0,F.C.C.,13529,N,-1
537,0.0,1,1,45.0,0,0,26.55,S,Mr,1,1,0,No,113050,B,38
538,1.0,1,0,30.0,0,0,106.425,C,Mrs,1,1,0,PC,17761,N,-1
539,0.0,3,1,35.5,0,0,14.5,S,Mr,1,1,0,No,364498,N,-1
540,1.0,1,0,22.0,0,2,49.5,C,Mrs,1,3,0,No,13568,B,39
541,1.0,1,0,36.0,0,2,71.0,S,Mrs,1,3,0,WE/P,5735,B,22
542,0.0,3,0,9.0,4,2,31.275,S,Miss,0,7,0,No,347082,N,-1
543,0.0,3,0,11.0,4,2,31.275,S,Miss,0,7,0,No,347082,N,-1
544,1.0,2,1,32.0,1,0,26.0,S,Mr,1,2,0,No,2908,N,-1
545,0.0,1,1,50.0,1,0,106.425,C,Mr,1,2,0,PC,17761,C,86
546,0.0,1,1,64.0,0,0,26.0,S,Mr,1,1,0,No,693,N,-1
547,1.0,2,0,19.0,1,0,26.0,S,Miss,0,2,0,No,2908,N,-1
548,1.0,2,1,35.5,0,0,13.8625,C,Mr,1,1,0,SC/PARIS,2146,N,-1
549,0.0,3,1,33.0,1,1,20.525,S,Mr,1,3,0,No,363291,N,-1
550,1.0,2,1,8.0,1,1,36.75,S,Master,0,3,0,C.A.,33112,N,-1
551,1.0,1,1,17.0,0,2,110.8833,C,Master,0,3,0,No,17421,C,70
552,0.0,2,1,27.0,0,0,26.0,S,Mr,1,1,0,No,244358,N,-1
553,0.0,3,1,35.5,0,0,7.8292,Q,Mr,1,1,0,No,330979,N,-1
554,1.0,3,1,22.0,0,0,7.225,C,Mr,1,1,0,No,2620,N,-1
555,1.0,3,0,22.0,0,0,7.775,S,Mrs,1,1,0,No,347085,N,-1
556,0.0,1,1,62.0,0,0,26.55,S,Mr,1,1,0,No,113807,N,-1
557,1.0,1,0,48.0,1,0,39.6,C,Mrs,1,2,0,No,11755,A,16
558,0.0,1,1,35.5,0,0,227.525,C,Mr,1,1,0,PC,17757,N,-1
559,1.0,1,0,39.0,1,1,79.65,S,Mrs,1,3,0,No,110413,E,67
560,1.0,3,0,36.0,1,0,17.4,S,Mrs,1,2,0,No,345572,N,-1
561,0.0,3,1,35.5,0,0,7.75,Q,Mr,1,1,0,No,372622,N,-1
562,0.0,3,1,40.0,0,0,7.8958,S,Mr,1,1,0,No,349251,N,-1
563,0.0,2,1,28.0,0,0,13.5,S,Mr,1,1,0,No,218629,N,-1
564,0.0,3,1,35.5,0,0,8.05,S,Mr,1,1,0,SOTON/OQ,392082,N,-1
565,0.0,3,0,12.0,0,0,8.05,S,Miss,0,1,1,SOTON/O.Q.,392087,N,-1
566,0.0,3,1,24.0,2,0,24.15,S,Mr,1,3,0,A/4,48871,N,-1
567,0.0,3,1,19.0,0,0,7.8958,S,Master,0,1,1,No,349205,N,-1
568,0.0,3,0,29.0,0,4,21.075,S,Mrs,1,5,0,No,349909,N,-1
569,0.0,3,1,35.5,0,0,7.2292,C,Mr,1,1,0,No,2686,N,-1
570,1.0,3,1,32.0,0,0,7.8542,S,Mr,1,1,0,No,350417,N,-1
571,1.0,2,1,62.0,0,0,10.5,S,Mr,1,1,0,S.W./PP,752,N,-1
572,1.0,1,0,53.0,2,0,51.4792,S,Mrs,1,3,0,No,11769,C,101
573,1.0,1,1,36.0,0,0,26.3875,S,Mr,1,1,0,PC,17474,E,25
574,1.0,3,0,12.0,0,0,7.75,Q,Miss,0,1,1,No,14312,N,-1
575,0.0,3,1,16.0,0,0,8.05,S,Master,0,1,1,A/4.,20589,N,-1
576,0.0,3,1,19.0,0,0,14.5,S,Master,0,1,1,No,358585,N,-1
577,1.0,2,0,34.0,0,0,13.0,S,Mrs,1,1,0,No,243880,N,-1
578,1.0,1,0,39.0,1,0,55.9,S,Mrs,1,2,0,No,13507,E,44
579,0.0,3,0,35.0,1,0,14.4583,C,Mrs,1,2,0,No,2689,N,-1
580,1.0,3,1,32.0,0,0,7.925,S,Mr,1,1,0,STON/O,3101286,N,-1
581,1.0,2,0,25.0,1,1,30.0,S,Mrs,1,3,0,No,237789,N,-1
582,1.0,1,0,39.0,1,1,110.8833,C,Mrs,1,3,0,No,17421,C,68
583,0.0,2,1,54.0,0,0,26.0,S,Mr,1,1,0,No,28403,N,-1
584,0.0,1,1,36.0,0,0,40.125,C,Mr,1,1,0,No,13049,A,10
585,0.0,3,1,35.5,0,0,8.7125,C,Mr,1,1,0,No,3411,N,-1
586,1.0,1,0,18.0,0,2,79.65,S,Miss,0,3,0,No,110413,E,68
587,0.0,2,1,47.0,0,0,15.0,S,Mr,1,1,0,No,237565,N,-1
588,1.0,1,1,60.0,1,1,79.2,C,Mr,1,3,0,No,13567,B,41
589,0.0,3,1,22.0,0,0,8.05,S,Mr,1,1,0,No,14973,N,-1
590,0.0,3,1,35.5,0,0,8.05,S,Mr,1,1,0,A./5.,3235,N,-1
591,0.0,3,1,35.0,0,0,7.125,S,Mr,1,1,0,STON/O,3101273,N,-1
592,1.0,1,0,52.0,1,0,78.2667,C,Mrs,1,2,0,No,36947,D,20
593,0.0,3,1,47.0,0,0,7.25,S,Mr,1,1,0,A/5,3902,N,-1
594,0.0,3,0,12.0,0,2,7.75,Q,Miss,0,3,0,No,364848,N,-1
595,0.0,2,1,37.0,1,0,26.0,S,Mr,1,2,0,SC/AH,29037,N,-1
596,0.0,3,1,36.0,1,1,24.15,S,Mr,1,3,0,No,345773,N,-1
597,1.0,2,0,12.0,0,0,33.0,S,Miss,0,1,1,No,248727,N,-1
598,0.0,3,1,49.0,0,0,1.0,S,Mr,1,1,0,No,LINE,N,-1
599,0.0,3,1,35.5,0,0,7.225,C,Mr,1,1,0,No,2664,N,-1
600,1.0,1,1,49.0,1,0,56.9292,C,Mr,1,2,0,PC,17485,A,20
601,1.0,2,0,24.0,2,1,27.0,S,Mrs,1,4,0,No,243847,N,-1
602,0.0,3,1,35.5,0,0,7.8958,S,Mr,1,1,0,No,349214,N,-1
603,0.0,1,1,35.5,0,0,42.4,S,Mr,1,1,0,No,113796,N,-1
604,0.0,3,1,44.0,0,0,8.05,S,Mr,1,1,0,No,364511,N,-1
605,1.0,1,1,35.0,0,0,26.55,C,Mr,1,1,0,No,111426,N,-1
606,0.0,3,1,36.0,1,0,15.55,S,Mr,1,2,0,No,349910,N,-1
607,0.0,3,1,30.0,0,0,7.8958,S,Mr,1,1,0,No,349246,N,-1
608,1.0,1,1,27.0,0,0,30.5,S,Mr,1,1,0,No,113804,N,-1
609,1.0,2,0,22.0,1,2,41.5792,C,Mrs,1,4,0,SC/Paris,2123,N,-1
610,1.0,1,0,40.0,0,0,153.4625,S,Mrs,1,1,0,PC,17582,C,125
611,0.0,3,0,39.0,1,5,31.275,S,Mrs,1,7,0,No,347082,N,-1
612,0.0,3,1,35.5,0,0,7.05,S,Mr,1,1,0,SOTON/O.Q.,3101305,N,-1
613,1.0,3,0,12.0,1,0,15.5,Q,Miss,0,2,0,No,367230,N,-1
614,0.0,3,1,35.5,0,0,7.75,Q,Mr,1,1,0,No,370377,N,-1
615,0.0,3,1,35.0,0,0,8.05,S,Mr,1,1,0,No,364512,N,-1
616,1.0,2,0,24.0,1,2,65.0,S,Mrs,1,4,0,No,220845,N,-1
617,0.0,3,1,34.0,1,1,14.4,S,Mr,1,3,0,No,347080,N,-1
618,0.0,3,0,26.0,1,0,16.1,S,Mrs,1,2,0,A/5.,3336,N,-1
619,1.0,2,0,4.0,2,1,39.0,S,Miss,0,4,0,No,230136,F,4
620,0.0,2,1,26.0,0,0,10.5,S,Mr,1,1,0,No,31028,N,-1
621,0.0,3,1,27.0,1,0,14.4542,C,Mr,1,2,0,No,2659,N,-1
622,1.0,1,1,42.0,1,0,52.5542,S,Mr,1,2,0,No,11753,D,19
623,1.0,3,1,20.0,1,1,15.7417,C,Master,0,3,0,No,2653,N,-1
624,0.0,3,1,21.0,0,0,7.8542,S,Mr,1,1,0,No,350029,N,-1
625,0.0,3,1,21.0,0,0,16.1,S,Mr,1,1,0,No,54636,N,-1
626,0.0,1,1,61.0,0,0,32.3208,S,Mr,1,1,0,No,36963,D,50
627,0.0,2,1,57.0,0,0,12.35,Q,Mr,1,1,0,No,219533,N,-1
628,1.0,1,0,21.0,0,0,77.9583,S,Mrs,1,1,0,No,13502,D,9
629,0.0,3,1,26.0,0,0,7.8958,S,Mr,1,1,0,No,349224,N,-1
630,0.0,3,1,35.5,0,0,7.7333,Q,Mr,1,1,0,No,334912,N,-1
631,1.0,1,1,80.0,0,0,30.0,S,Mr,1,1,0,No,27042,A,23
632,0.0,3,1,51.0,0,0,7.0542,S,Mr,1,1,0,No,347743,N,-1
633,1.0,1,1,32.0,0,0,30.5,C,Mr,1,1,0,No,13214,B,50
634,0.0,1,1,35.5,0,0,1.0,S,Mr,1,1,0,No,112052,N,-1
635,0.0,3,0,9.0,3,2,27.9,S,Miss,0,6,0,No,347088,N,-1
636,1.0,2,0,28.0,0,0,13.0,S,Mrs,1,1,0,No,237668,N,-1
637,0.0,3,1,32.0,0,0,7.925,S,Mr,1,1,0,STON/O,3101292,N,-1
638,0.0,2,1,31.0,1,1,26.25,S,Mr,1,3,0,C.A.,31921,N,-1
639,0.0,3,0,41.0,0,5,39.6875,S,Mrs,1,6,0,No,3101295,N,-1
640,0.0,3,1,35.5,1,0,16.1,S,Mr,1,2,0,No,376564,N,-1
641,0.0,3,1,20.0,0,0,7.8542,S,Master,0,1,1,No,350050,N,-1
642,1.0,1,0,24.0,0,0,69.3,C,Mrs,1,1,0,PC,17477,B,35
643,0.0,3,0,2.0,3,2,27.9,S,Miss,0,6,0,No,347088,N,-1
644,1.0,3,1,35.5,0,0,56.4958,S,Mr,1,1,0,No,1601,N,-1
645,1.0,3,0,0.75,2,1,19.2583,C,Miss,0,4,0,No,2666,N,-1
646,1.0,1,1,48.0,1,0,76.7292,C,Mr,1,2,0,PC,17572,D,33
647,0.0,3,1,19.0,0,0,7.8958,S,Master,0,1,1,No,349231,N,-1
648,1.0,1,1,56.0,0,0,35.5,C,Mr,1,1,0,No,13213,A,26
649,0.0,3,1,35.5,0,0,7.55,S,Mr,1,1,0,S.O./P.P.,751,N,-1
650,1.0,3,0,23.0,0,0,7.55,S,Mrs,1,1,0,CA.,2314,N,-1
651,0.0,3,1,35.5,0,0,7.8958,S,Mr,1,1,0,No,349221,N,-1
652,1.0,2,0,18.0,0,1,23.0,S,Miss,0,2,0,No,231919,N,-1
653,0.0,3,1,21.0,0,0,8.4333,S,Mr,1,1,0,No,8475,N,-1
654,1.0,3,0,12.0,0,0,7.8292,Q,Miss,0,1,1,No,330919,N,-1
655,0.0,3,0,18.0,0,0,6.75,Q,Miss,0,1,1,No,365226,N,-1
656,0.0,2,1,24.0,2,0,73.5,S,Mr,1,3,0,S.O.C.,14879,N,-1
657,0.0,3,1,35.5,0,0,7.8958,S,Mr,1,1,0,No,349223,N,-1
658,0.0,3,0,32.0,1,1,15.5,Q,Mrs,1,3,0,No,364849,N,-1
659,0.0,2,1,23.0,0,0,13.0,S,Mr,1,1,0,No,29751,N,-1
660,0.0,1,1,58.0,0,2,113.275,C,Mr,1,3,0,No,35273,D,48
661,1.0,1,1,50.0,2,0,133.65,S,Mr,1,3,0,PC,17611,N,-1
662,0.0,3,1,40.0,0,0,7.225,C,Mr,1,1,0,No,2623,N,-1
663,0.0,1,1,47.0,0,0,25.5875,S,Mr,1,1,0,No,5727,E,58
664,0.0,3,1,36.0,0,0,7.4958,S,Mr,1,1,0,No,349210,N,-1
665,1.0,3,1,20.0,1,0,7.925,S,Master,0,2,0,STON/O,3101285,N,-1
666,0.0,2,1,32.0,2,0,73.5,S,Mr,1,3,0,S.O.C.,14879,N,-1
667,0.0,2,1,25.0,0,0,13.0,S,Mr,1,1,0,No,234686,N,-1
668,0.0,3,1,35.5,0,0,7.775,S,Mr,1,1,0,No,312993,N,-1
669,0.0,3,1,43.0,0,0,8.05,S,Mr,1,1,0,A/5,3536,N,-1
670,1.0,1,0,35.0,1,0,52.0,S,Mrs,1,2,0,No,19996,C,126
671,1.0,2,0,40.0,1,1,39.0,S,Mrs,1,3,0,No,29750,N,-1
672,0.0,1,1,31.0,1,0,52.0,S,Mr,1,2,0,F.C.,12750,B,71
673,0.0,2,1,70.0,0,0,10.5,S,Mr,1,1,0,C.A.,24580,N,-1
674,1.0,2,1,31.0,0,0,13.0,S,Mr,1,1,0,No,244270,N,-1
675,0.0,2,1,35.5,0,0,1.0,S,Mr,1,1,0,No,239856,N,-1
676,0.0,3,1,18.0,0,0,7.775,S,Master,0,1,1,No,349912,N,-1
677,0.0,3,1,24.5,0,0,8.05,S,Mr,1,1,0,No,342826,N,-1
678,1.0,3,0,18.0,0,0,9.8417,S,Miss,0,1,1,No,4138,N,-1
679,0.0,3,0,43.0,1,6,46.9,S,Mrs,1,8,0,CA,2144,N,-1
680,1.0,1,1,36.0,0,1,512.3292,C,Mr,1,2,0,PC,17755,B,53
681,0.0,3,0,12.0,0,0,8.1375,Q,Miss,0,1,1,No,330935,N,-1
682,1.0,1,1,27.0,0,0,76.7292,C,Mr,1,1,0,PC,17572,D,49
683,0.0,3,1,20.0,0,0,9.225,S,Master,0,1,1,No,6563,N,-1
684,0.0,3,1,14.0,5,2,46.9,S,Master,0,8,0,CA,2144,N,-1
685,0.0,2,1,60.0,1,1,39.0,S,Mr,1,3,0,No,29750,N,-1
686,0.0,2,1,25.0,1,2,41.5792,C,Mr,1,4,0,SC/Paris,2123,N,-1
687,0.0,3,1,14.0,4,1,39.6875,S,Master,0,6,0,No,3101295,N,-1
688,0.0,3,1,19.0,0,0,10.1708,S,Master,0,1,1,No,349228,N,-1
689,0.0,3,1,18.0,0,0,7.7958,S,Master,0,1,1,No,350036,N,-1
690,1.0,1,0,15.0,0,1,211.3375,S,Miss,0,2,0,No,24160,B,5
691,1.0,1,1,31.0,1,0,57.0,S,Mr,1,2,0,No,17474,B,20
692,1.0,3,0,4.0,0,1,13.4167,C,Miss,0,2,0,No,349256,N,-1
693,1.0,3,1,35.5,0,0,56.4958,S,Mr,1,1,0,No,1601,N,-1
694,0.0,3,1,25.0,0,0,7.225,C,Mr,1,1,0,No,2672,N,-1
695,0.0,1,1,60.0,0,0,26.55,S,Mr,1,1,0,No,113800,N,-1
696,0.0,2,1,52.0,0,0,13.5,S,Mr,1,1,0,No,248731,N,-1
697,0.0,3,1,44.0,0,0,8.05,S,Mr,1,1,0,No,363592,N,-1
698,1.0,3,0,12.0,0,0,7.7333,Q,Miss,0,1,1,No,35852,N,-1
699,0.0,1,1,49.0,1,1,110.8833,C,Mr,1,3,0,No,17421,C,68
700,0.0,3,1,42.0,0,0,7.65,S,Mr,1,1,0,No,348121,F,0
701,1.0,1,0,18.0,1,0,227.525,C,Miss,0,2,0,PC,17757,C,63
702,1.0,1,1,35.0,0,0,26.2875,S,Mr,1,1,0,PC,17475,E,24
703,0.0,3,0,18.0,0,1,14.4542,C,Miss,0,2,0,No,2691,N,-1
704,0.0,3,1,25.0,0,0,7.7417,Q,Mr,1,1,0,No,36864,N,-1
705,0.0,3,1,26.0,1,0,7.8542,S,Mr,1,2,0,No,350025,N,-1
706,0.0,2,1,39.0,0,0,26.0,S,Mr,1,1,0,No,250655,N,-1
707,1.0,2,0,45.0,0,0,13.5,S,Mrs,1,1,0,No,223596,N,-1
708,1.0,1,1,42.0,0,0,26.2875,S,Mr,1,1,0,PC,17476,E,24
709,1.0,1,0,22.0,0,0,151.55,S,Mrs,1,1,0,No,113781,N,-1
710,1.0,3,1,13.5,1,1,15.2458,C,Master,0,3,0,No,2661,N,-1
711,1.0,1,0,24.0,0,0,49.5042,C,Mrs,1,1,0,PC,17482,C,90
712,0.0,1,1,35.5,0,0,26.55,S,Mr,1,1,0,No,113028,C,124
713,1.0,1,1,48.0,1,0,52.0,S,Mr,1,2,0,No,19996,C,126
714,0.0,3,1,29.0,0,0,9.4833,S,Mr,1,1,0,No,7545,N,-1
715,0.0,2,1,52.0,0,0,13.0,S,Mr,1,1,0,No,250647,N,-1
716,0.0,3,1,19.0,0,0,7.65,S,Master,0,1,1,No,348124,F,0
717,1.0,1,0,38.0,0,0,227.525,C,Mrs,1,1,0,PC,17757,C,45
718,1.0,2,0,27.0,0,0,10.5,S,Mrs,1,1,0,No,34218,E,101
719,0.0,3,1,35.5,0,0,15.5,Q,Mr,1,1,0,No,36568,N,-1
720,0.0,3,1,33.0,0,0,7.775,S,Mr,1,1,0,No,347062,N,-1
721,1.0,2,0,6.0,0,1,33.0,S,Miss,0,2,0,No,248727,N,-1
722,0.0,3,1,17.0,1,0,7.0542,S,Master,0,2,0,No,350048,N,-1
723,0.0,2,1,34.0,0,0,13.0,S,Mr,1,1,0,No,12233,N,-1
724,0.0,2,1,50.0,0,0,13.0,S,Mr,1,1,0,No,250643,N,-1
725,1.0,1,1,27.0,1,0,53.1,S,Mr,1,2,0,No,113806,E,8
726,0.0,3,1,20.0,0,0,8.6625,S,Master,0,1,1,No,315094,N,-1
727,1.0,2,0,30.0,3,0,21.0,S,Mrs,1,4,0,No,31027,N,-1
728,1.0,3,0,12.0,0,0,7.7375,Q,Miss,0,1,1,No,36866,N,-1
729,0.0,2,1,25.0,1,0,26.0,S,Mr,1,2,0,No,236853,N,-1
730,0.0,3,0,25.0,1,0,7.925,S,Mrs,1,2,0,STON/O2.,3101271,N,-1
731,1.0,1,0,29.0,0,0,211.3375,S,Mrs,1,1,0,No,24160,B,5
732,0.0,3,1,11.0,0,0,18.7875,C,Master,0,1,1,No,2699,N,-1
733,0.0,2,1,35.5,0,0,1.0,S,Mr,1,1,0,No,239855,N,-1
734,0.0,2,1,23.0,0,0,13.0,S,Mr,1,1,0,No,28425,N,-1
735,0.0,2,1,23.0,0,0,13.0,S,Mr,1,1,0,No,233639,N,-1
736,0.0,3,1,28.5,0,0,16.1,S,Mr,1,1,0,No,54636,N,-1
737,0.0,3,0,48.0,1,3,34.375,S,Mrs,1,5,0,W./C.,6608,N,-1
738,1.0,1,1,35.0,0,0,512.3292,C,Mr,1,1,0,PC,17755,B,101
739,0.0,3,1,35.5,0,0,7.8958,S,Mr,1,1,0,No,349201,N,-1
740,0.0,3,1,35.5,0,0,7.8958,S,Mr,1,1,0,No,349218,N,-1
741,1.0,1,1,35.5,0,0,30.0,S,Mr,1,1,0,No,16988,D,45
742,0.0,1,1,36.0,1,0,78.85,S,Mr,1,2,0,No,19877,C,46
743,1.0,1,0,21.0,2,2,262.375,C,Mrs,1,5,0,PC,17608,B,61
744,0.0,3,1,24.0,1,0,16.1,S,Mr,1,2,0,No,376566,N,-1
745,1.0,3,1,31.0,0,0,7.925,S,Mr,1,1,0,STON/O,3101288,N,-1
746,0.0,1,1,70.0,1,1,71.0,S,Mr,1,3,0,WE/P,5735,B,22
747,0.0,3,1,16.0,1,1,20.25,S,Master,0,3,0,C.A.,2673,N,-1
748,1.0,2,0,30.0,0,0,13.0,S,Mrs,1,1,0,No,250648,N,-1
749,0.0,1,1,19.0,1,0,53.1,S,Master,0,2,0,No,113773,D,30
750,0.0,3,1,31.0,0,0,7.75,Q,Mr,1,1,0,No,335097,N,-1
751,1.0,2,0,4.0,1,1,23.0,S,Miss,0,3,0,No,29103,N,-1
752,1.0,3,1,6.0,0,1,12.475,S,Master,0,2,0,No,392096,E,121
753,0.0,3,1,33.0,0,0,9.5,S,Mr,1,1,0,No,345780,N,-1
754,0.0,3,1,23.0,0,0,7.8958,S,Mr,1,1,0,No,349204,N,-1
755,1.0,2,0,48.0,1,2,65.0,S,Mrs,1,4,0,No,220845,N,-1
756,1.0,2,1,0.67,1,1,14.5,S,Master,0,3,0,No,250649,N,-1
757,0.0,3,1,28.0,0,0,7.7958,S,Mr,1,1,0,No,350042,N,-1
758,0.0,2,1,18.0,0,0,11.5,S,Master,0,1,1,No,29108,N,-1
759,0.0,3,1,34.0,0,0,8.05,S,Mr,1,1,0,No,363294,N,-1
760,1.0,1,0,33.0,0,0,86.5,S,Mrs,1,1,0,No,110152,B,77
761,0.0,3,1,35.5,0,0,14.5,S,Mr,1,1,0,No,358585,N,-1
762,0.0,3,1,41.0,0,0,7.125,S,Mr,1,1,0,SOTON/O2,3101272,N,-1
763,1.0,3,1,20.0,0,0,7.2292,C,Master,0,1,1,No,2663,N,-1
764,1.0,1,0,36.0,1,2,120.0,S,Mrs,1,4,0,No,113760,B,97
765,0.0,3,1,16.0,0,0,7.775,S,Master,0,1,1,No,347074,N,-1
766,1.0,1,0,51.0,1,0,77.9583,S,Mrs,1,2,0,No,13502,D,11
767,0.0,1,1,35.5,0,0,39.6,C,Mr,1,1,0,No,112379,N,-1
768,0.0,3,0,30.5,0,0,7.75,Q,Mrs,1,1,0,No,364850,N,-1
769,0.0,3,1,35.5,1,0,24.15,Q,Mr,1,2,0,No,371110,N,-1
770,0.0,3,1,32.0,0,0,8.3625,S,Mr,1,1,0,No,8471,N,-1
771,0.0,3,1,24.0,0,0,9.5,S,Mr,1,1,0,No,345781,N,-1
772,0.0,3,1,48.0,0,0,7.8542,S,Mr,1,1,0,No,350047,N,-1
773,0.0,2,0,57.0,0,0,10.5,S,Mrs,1,1,0,S.O./P.P.,3,E,77
774,0.0,3,1,35.5,0,0,7.225,C,Mr,1,1,0,No,2674,N,-1
775,1.0,2,0,54.0,1,3,23.0,S,Mrs,1,5,0,No,29105,N,-1
776,0.0,3,1,18.0,0,0,7.75,S,Master,0,1,1,No,347078,N,-1
777,0.0,3,1,35.5,0,0,7.75,Q,Mr,1,1,0,No,383121,F,38
778,1.0,3,0,5.0,0,0,12.475,S,Miss,0,1,1,No,364516,N,-1
779,0.0,3,1,35.5,0,0,7.7375,Q,Mr,1,1,0,No,36865,N,-1
780,1.0,1,0,43.0,0,1,211.3375,S,Mrs,1,2,0,No,24160,B,3
781,1.0,3,0,13.0,0,0,7.2292,C,Miss,0,1,1,No,2687,N,-1
782,1.0,1,0,17.0,1,0,57.0,S,Miss,0,2,0,No,17474,B,20
783,0.0,1,1,29.0,0,0,30.0,S,Mr,1,1,0,No,113501,D,6
784,0.0,3,1,35.5,1,2,23.45,S,Mr,1,4,0,W./C.,6607,N,-1
785,0.0,3,1,25.0,0,0,7.05,S,Mr,1,1,0,SOTON/O.Q.,3101312,N,-1
786,0.0,3,1,25.0,0,0,7.25,S,Mr,1,1,0,No,374887,N,-1
787,1.0,3,0,18.0,0,0,7.4958,S,Miss,0,1,1,No,3101265,N,-1
788,0.0,3,1,8.0,4,1,29.125,Q,Master,0,6,0,No,382652,N,-1
789,1.0,3,1,1.0,1,2,20.575,S,Master,0,4,0,C.A.,2315,N,-1
790,0.0,1,1,46.0,0,0,79.2,C,Mr,1,1,0,PC,17593,B,83
791,0.0,3,1,35.5,0,0,7.75,Q,Mr,1,1,0,No,12460,N,-1
792,0.0,2,1,16.0,0,0,26.0,S,Master,0,1,1,No,239865,N,-1
793,0.0,3,0,12.0,8,2,69.55,S,Miss,0,11,0,CA.,2343,N,-1
794,0.0,1,1,35.5,0,0,30.6958,C,Mr,1,1,0,PC,17600,N,-1
795,0.0,3,1,25.0,0,0,7.8958,S,Mr,1,1,0,No,349203,N,-1
796,0.0,2,1,39.0,0,0,13.0,S,Mr,1,1,0,No,28213,N,-1
797,1.0,1,0,49.0,0,0,25.9292,S,Mr,1,1,0,No,17465,D,17
798,1.0,3,0,31.0,0,0,8.6833,S,Mrs,1,1,0,No,349244,N,-1
799,0.0,3,1,30.0,0,0,7.2292,C,Mr,1,1,0,No,2685,N,-1
800,0.0,3,0,30.0,1,1,24.15,S,Mrs,1,3,0,No,345773,N,-1
801,0.0,2,1,34.0,0,0,13.0,S,Mr,1,1,0,No,250647,N,-1
802,1.0,2,0,31.0,1,1,26.25,S,Mrs,1,3,0,C.A.,31921,N,-1
803,1.0,1,1,11.0,1,2,120.0,S,Master,0,4,0,No,113760,B,97
804,1.0,3,1,0.42,0,1,8.5167,C,Master,0,2,0,No,2625,N,-1
805,1.0,3,1,27.0,0,0,6.975,S,Mr,1,1,0,No,347089,N,-1
806,0.0,3,1,31.0,0,0,7.775,S,Mr,1,1,0,No,347063,N,-1
807,0.0,1,1,39.0,0,0,1.0,S,Mr,1,1,0,No,112050,A,36
808,0.0,3,0,18.0,0,0,7.775,S,Miss,0,1,1,No,347087,N,-1
809,0.0,2,1,39.0,0,0,13.0,S,Mr,1,1,0,No,248723,N,-1
810,1.0,1,0,33.0,1,0,53.1,S,Mrs,1,2,0,No,113806,E,8
811,0.0,3,1,26.0,0,0,7.8875,S,Mr,1,1,0,No,3474,N,-1
812,0.0,3,1,39.0,0,0,24.15,S,Mr,1,1,0,A/4,48871,N,-1
813,0.0,2,1,35.0,0,0,10.5,S,Mr,1,1,0,No,28206,N,-1
814,0.0,3,0,6.0,4,2,31.275,S,Miss,0,7,0,No,347082,N,-1
815,0.0,3,1,30.5,0,0,8.05,S,Mr,1,1,0,No,364499,N,-1
816,0.0,1,1,35.5,0,0,1.0,S,Mr,1,1,0,No,112058,B,102
817,0.0,3,0,23.0,0,0,7.925,S,Mrs,1,1,0,STON/O2.,3101290,N,-1
818,0.0,2,1,31.0,1,1,37.0042,C,Mr,1,3,0,S.C./PARIS,2079,N,-1
819,0.0,3,1,43.0,0,0,6.45,S,Mr,1,1,0,C,7075,N,-1
820,0.0,3,1,10.0,3,2,27.9,S,Master,0,6,0,No,347088,N,-1
821,1.0,1,0,52.0,1,1,93.5,S,Mrs,1,3,0,No,12749,B,69
822,1.0,3,1,27.0,0,0,8.6625,S,Mr,1,1,0,No,315098,N,-1
823,0.0,1,1,38.0,0,0,1.0,S,Mr,1,1,0,No,19972,N,-1
824,1.0,3,0,27.0,0,1,12.475,S,Mrs,1,2,0,No,392096,E,121
825,0.0,3,1,2.0,4,1,39.6875,S,Master,0,6,0,No,3101295,N,-1
826,0.0,3,1,35.5,0,0,6.95,Q,Mr,1,1,0,No,368323,N,-1
827,0.0,3,1,35.5,0,0,56.4958,S,Mr,1,1,0,No,1601,N,-1
828,1.0,2,1,1.0,0,2,37.0042,C,Master,0,3,0,S.C./PARIS,2079,N,-1
829,1.0,3,1,35.5,0,0,7.75,Q,Mr,1,1,0,No,367228,N,-1
830,1.0,1,0,62.0,0,0,80.0,S,Mrs,1,1,0,No,113572,B,28
831,1.0,3,0,15.0,1,0,14.4542,C,Miss,0,2,0,No,2659,N,-1
832,1.0,2,1,0.83,1,1,18.75,S,Master,0,3,0,No,29106,N,-1
833,0.0,3,1,35.5,0,0,7.2292,C,Mr,1,1,0,No,2671,N,-1
834,0.0,3,1,23.0,0,0,7.8542,S,Mr,1,1,0,No,347468,N,-1
835,0.0,3,1,18.0,0,0,8.3,S,Master,0,1,1,No,2223,N,-1
836,1.0,1,0,39.0,1,1,83.1583,C,Mrs,1,3,0,PC,17756,E,49
837,0.0,3,1,21.0,0,0,8.6625,S,Mr,1,1,0,No,315097,N,-1
838,0.0,3,1,35.5,0,0,8.05,S,Mr,1,1,0,No,392092,N,-1
839,1.0,3,1,32.0,0,0,56.4958,S,Mr,1,1,0,No,1601,N,-1
840,1.0,1,1,35.5,0,0,29.7,C,Mr,1,1,0,No,11774,C,47
841,0.0,3,1,20.0,0,0,7.925,S,Master,0,1,1,SOTON/O2,3101287,N,-1
842,0.0,2,1,16.0,0,0,10.5,S,Master,0,1,1,S.O./P.P.,3,N,-1
843,1.0,1,0,30.0,0,0,31.0,C,Mrs,1,1,0,No,113798,N,-1
844,0.0,3,1,34.5,0,0,6.4375,C,Mr,1,1,0,No,2683,N,-1
845,0.0,3,1,17.0,0,0,8.6625,S,Master,0,1,1,No,315090,N,-1
846,0.0,3,1,42.0,0,0,7.55,S,Mr,1,1,0,C.A.,5547,N,-1
847,0.0,3,1,35.5,8,2,69.55,S,Mr,1,11,0,CA.,2343,N,-1
848,0.0,3,1,35.0,0,0,7.8958,C,Mr,1,1,0,No,349213,N,-1
849,0.0,2,1,28.0,0,1,33.0,S,Mr,1,2,0,No,248727,N,-1
850,1.0,1,0,35.0,1,0,89.1042,C,Mrs,1,2,0,No,17453,C,92
851,0.0,3,1,4.0,4,2,31.275,S,Master,0,7,0,No,347082,N,-1
852,0.0,3,1,74.0,0,0,7.775,S,Mr,1,1,0,No,347060,N,-1
853,0.0,3,0,9.0,1,1,15.2458,C,Miss,0,3,0,No,2678,N,-1
854,1.0,1,0,16.0,0,1,39.4,S,Miss,0,2,0,PC,17592,D,28
855,0.0,2,0,44.0,1,0,26.0,S,Mrs,1,2,0,No,244252,N,-1
856,1.0,3,0,18.0,0,1,9.35,S,Miss,0,2,0,No,392091,N,-1
857,1.0,1,0,45.0,1,1,164.8667,S,Mrs,1,3,0,No,36928,N,-1
858,1.0,1,1,51.0,0,0,26.55,S,Mr,1,1,0,No,113055,E,17
859,1.0,3,0,24.0,0,3,19.2583,C,Mrs,1,4,0,No,2666,N,-1
860,0.0,3,1,35.5,0,0,7.2292,C,Mr,1,1,0,No,2629,N,-1
861,0.0,3,1,41.0,2,0,14.1083,S,Mr,1,3,0,No,350026,N,-1
862,0.0,2,1,21.0,1,0,11.5,S,Mr,1,2,0,No,28134,N,-1
863,1.0,1,0,48.0,0,0,25.9292,S,Mrs,1,1,0,No,17466,D,17
864,0.0,3,0,12.0,8,2,69.55,S,Miss,0,11,0,CA.,2343,N,-1
865,0.0,2,1,24.0,0,0,13.0,S,Mr,1,1,0,No,233866,N,-1
866,1.0,2,0,42.0,0,0,13.0,S,Mrs,1,1,0,No,236852,N,-1
867,1.0,2,0,27.0,1,0,13.8583,C,Mrs,1,2,0,SC/PARIS,2149,N,-1
868,0.0,1,1,31.0,0,0,50.4958,S,Mr,1,1,0,PC,17590,A,24
869,0.0,3,1,35.5,0,0,9.5,S,Mr,1,1,0,No,345777,N,-1
870,1.0,3,1,4.0,1,1,11.1333,S,Master,0,3,0,No,347742,N,-1
871,0.0,3,1,26.0,0,0,7.8958,S,Mr,1,1,0,No,349248,N,-1
872,1.0,1,0,47.0,1,1,52.5542,S,Mrs,1,3,0,No,11751,D,35
873,0.0,1,1,33.0,0,0,5.0,S,Mr,1,1,0,No,695,B,53
874,0.0,3,1,47.0,0,0,9.0,S,Mr,1,1,0,No,345765,N,-1
875,1.0,2,0,28.0,1,0,24.0,C,Mrs,1,2,0,P/PP,3381,N,-1
876,1.0,3,0,15.0,0,0,7.225,C,Miss,0,1,1,No,2667,N,-1
877,0.0,3,1,20.0,0,0,9.8458,S,Master,0,1,1,No,7534,N,-1
878,0.0,3,1,19.0,0,0,7.8958,S,Master,0,1,1,No,349212,N,-1
879,0.0,3,1,35.5,0,0,7.8958,S,Mr,1,1,0,No,349217,N,-1
880,1.0,1,0,56.0,0,1,83.1583,C,Mrs,1,2,0,No,11767,C,50
881,1.0,2,0,25.0,0,1,26.0,S,Mrs,1,2,0,No,230433,N,-1
882,0.0,3,1,33.0,0,0,7.8958,S,Mr,1,1,0,No,349257,N,-1
883,0.0,3,0,22.0,0,0,10.5167,S,Mrs,1,1,0,No,7552,N,-1
884,0.0,2,1,28.0,0,0,10.5,S,Mr,1,1,0,C.A./SOTON,34068,N,-1
885,0.0,3,1,25.0,0,0,7.05,S,Mr,1,1,0,SOTON/OQ,392076,N,-1
886,0.0,3,0,39.0,0,5,29.125,Q,Mrs,1,6,0,No,382652,N,-1
887,0.0,2,1,27.0,0,0,13.0,S,Mr,1,1,0,No,211536,N,-1
888,1.0,1,0,19.0,0,0,30.0,S,Miss,0,1,1,No,112053,B,42
889,0.0,3,0,12.0,1,2,23.45,S,Miss,0,4,0,W./C.,6607,N,-1
890,1.0,1,1,26.0,0,0,30.0,C,Mr,1,1,0,No,111369,C,148
891,0.0,3,1,32.0,0,0,7.75,Q,Mr,1,1,0,No,370376,N,-1
892,,3,1,34.5,0,0,7.8292,Q,Mr,1,1,0,No,330911,N,-1
893,,3,0,47.0,1,0,7.0,S,Mrs,1,2,0,No,363272,N,-1
894,,2,1,62.0,0,0,9.6875,Q,Mr,1,1,0,No,240276,N,-1
895,,3,1,27.0,0,0,8.6625,S,Mr,1,1,0,No,315154,N,-1
896,,3,0,22.0,1,1,12.2875,S,Mrs,1,3,0,No,3101298,N,-1
897,,3,1,14.0,0,0,9.225,S,Master,0,1,1,No,7538,N,-1
898,,3,0,30.0,0,0,7.6292,Q,Mrs,1,1,0,No,330972,N,-1
899,,2,1,26.0,1,1,29.0,S,Mr,1,3,0,No,248738,N,-1
900,,3,0,18.0,0,0,7.2292,C,Miss,0,1,1,No,2657,N,-1
901,,3,1,21.0,2,0,24.15,S,Mr,1,3,0,A/4,48871,N,-1
902,,3,1,35.5,0,0,7.8958,S,Mr,1,1,0,No,349220,N,-1
903,,1,1,46.0,0,0,26.0,S,Mr,1,1,0,No,694,N,-1
904,,1,0,23.0,1,0,82.2667,S,Mrs,1,2,0,No,21228,B,45
905,,2,1,63.0,1,0,26.0,S,Mr,1,2,0,No,24065,N,-1
906,,1,0,47.0,1,0,61.175,S,Mrs,1,2,0,W.E.P.,5734,E,31
907,,2,0,24.0,1,0,27.7208,C,Mrs,1,2,0,SC/PARIS,2167,N,-1
908,,2,1,35.0,0,0,12.35,Q,Mr,1,1,0,No,233734,N,-1
909,,3,1,21.0,0,0,7.225,C,Mr,1,1,0,No,2692,N,-1
910,,3,0,27.0,1,0,7.925,S,Mrs,1,2,0,STON/O2.,3101270,N,-1
911,,3,0,45.0,0,0,7.225,C,Mrs,1,1,0,No,2696,N,-1
912,,1,1,55.0,1,0,59.4,C,Mr,1,2,0,PC,17603,N,-1
913,,3,1,9.0,0,1,3.1708,S,Master,0,2,0,C,17368,N,-1
914,,1,0,35.0,0,0,31.6833,S,Mrs,1,1,0,PC,17598,N,-1
915,,1,1,21.0,0,1,61.3792,C,Mr,1,2,0,PC,17597,N,-1
916,,1,0,48.0,1,3,262.375,C,Mrs,1,5,0,PC,17608,B,61
917,,3,1,50.0,1,0,14.5,S,Mr,1,2,0,A/5.,3337,N,-1
918,,1,0,22.0,0,1,61.9792,C,Mrs,1,2,0,No,113509,B,36
919,,3,1,22.5,0,0,7.225,C,Mr,1,1,0,No,2698,N,-1
920,,1,1,41.0,0,0,30.5,S,Mr,1,1,0,No,113054,A,21
921,,3,1,35.5,2,0,21.6792,C,Mr,1,3,0,No,2662,N,-1
922,,2,1,50.0,1,0,26.0,S,Mr,1,2,0,SC/AH,3085,N,-1
923,,2,1,24.0,2,0,31.5,S,Mr,1,3,0,C.A.,31029,N,-1
924,,3,0,33.0,1,2,20.575,S,Mrs,1,4,0,C.A.,2315,N,-1
925,,3,0,35.0,1,2,23.45,S,Mrs,1,4,0,W./C.,6607,N,-1
926,,1,1,30.0,1,0,57.75,C,Mr,1,2,0,No,13236,C,78
927,,3,1,18.5,0,0,7.2292,C,Master,0,1,1,No,2682,N,-1
928,,3,0,12.0,0,0,8.05,S,Miss,0,1,1,No,342712,N,-1
929,,3,0,21.0,0,0,8.6625,S,Mrs,1,1,0,No,315087,N,-1
930,,3,1,25.0,0,0,9.5,S,Mr,1,1,0,No,345768,N,-1
931,,3,1,35.5,0,0,56.4958,S,Mr,1,1,0,No,1601,N,-1
932,,3,1,39.0,0,1,13.4167,C,Mr,1,2,0,No,349256,N,-1
933,,1,1,35.5,0,0,26.55,S,Mr,1,1,0,No,113778,D,34
934,,3,1,41.0,0,0,7.85,S,Mr,1,1,0,SOTON/O.Q.,3101263,N,-1
935,,2,0,30.0,0,0,13.0,S,Mrs,1,1,0,No,237249,N,-1
936,,1,0,45.0,1,0,52.5542,S,Mrs,1,2,0,No,11753,D,19
937,,3,1,25.0,0,0,7.925,S,Mr,1,1,0,STON/O,3101291,N,-1
938,,1,1,45.0,0,0,29.7,C,Mr,1,1,0,PC,17594,A,9
939,,3,1,35.5,0,0,7.75,Q,Mr,1,1,0,No,370374,N,-1
940,,1,0,60.0,0,0,76.2917,C,Mrs,1,1,0,No,11813,D,15
941,,3,0,36.0,0,2,15.9,S,Mrs,1,3,0,C.A.,37671,N,-1
942,,1,1,24.0,1,0,60.0,S,Mr,1,2,0,No,13695,C,31
943,,2,1,27.0,0,0,15.0333,C,Mr,1,1,0,SC/PARIS,2168,N,-1
944,,2,0,20.0,2,1,23.0,S,Miss,0,4,0,No,29105,N,-1
945,,1,0,28.0,3,2,263.0,S,Mrs,1,6,0,No,19950,C,25
946,,2,1,35.5,0,0,15.5792,C,Mr,1,1,0,SC/A.3,2861,N,-1
947,,3,1,10.0,4,1,29.125,Q,Master,0,6,0,No,382652,N,-1
948,,3,1,35.0,0,0,7.8958,S,Mr,1,1,0,No,349230,N,-1
949,,3,1,25.0,0,0,7.65,S,Mr,1,1,0,No,348122,F,0
950,,3,1,35.5,1,0,16.1,S,Mr,1,2,0,No,386525,N,-1
951,,1,0,36.0,0,0,262.375,C,Mrs,1,1,0,PC,17608,B,61
952,,3,1,17.0,0,0,7.8958,S,Master,0,1,1,No,349232,N,-1
953,,2,1,32.0,0,0,13.5,S,Mr,1,1,0,No,237216,N,-1
954,,3,1,18.0,0,0,7.75,S,Master,0,1,1,No,347090,N,-1
955,,3,0,22.0,0,0,7.725,Q,Mrs,1,1,0,No,334914,N,-1
956,,1,1,13.0,2,2,262.375,C,Master,0,5,0,PC,17608,B,61
957,,2,0,35.0,0,0,21.0,S,Mrs,1,1,0,F.C.C.,13534,N,-1
958,,3,0,18.0,0,0,7.8792,Q,Miss,0,1,1,No,330963,N,-1
959,,1,1,47.0,0,0,42.4,S,Mr,1,1,0,No,113796,N,-1
960,,1,1,31.0,0,0,28.5375,C,Mr,1,1,0,No,2543,C,53
961,,1,0,60.0,1,4,263.0,S,Mrs,1,6,0,No,19950,C,25
962,,3,0,24.0,0,0,7.75,Q,Mrs,1,1,0,No,382653,N,-1
963,,3,1,21.0,0,0,7.8958,S,Mr,1,1,0,No,349211,N,-1
964,,3,0,29.0,0,0,7.925,S,Mrs,1,1,0,No,3101297,N,-1
965,,1,1,28.5,0,0,27.7208,C,Mr,1,1,0,PC,17562,D,43
966,,1,0,35.0,0,0,211.5,C,Mrs,1,1,0,No,113503,C,130
967,,1,1,32.5,0,0,211.5,C,Mr,1,1,0,No,113503,C,132
968,,3,1,35.5,0,0,8.05,S,Mr,1,1,0,No,359306,N,-1
969,,1,0,55.0,2,0,25.7,S,Mrs,1,3,0,No,11770,C,101
970,,2,1,30.0,0,0,13.0,S,Mr,1,1,0,No,248744,N,-1
971,,3,0,24.0,0,0,7.75,Q,Mrs,1,1,0,No,368702,N,-1
972,,3,1,6.0,1,1,15.2458,C,Master,0,3,0,No,2678,N,-1
973,,1,1,67.0,1,0,221.7792,S,Mr,1,2,0,PC,17483,C,56
974,,1,1,49.0,0,0,26.0,S,Mr,1,1,0,No,19924,N,-1
975,,3,1,35.5,0,0,7.8958,S,Mr,1,1,0,No,349238,N,-1
976,,2,1,35.5,0,0,10.7083,Q,Mr,1,1,0,No,240261,N,-1
977,,3,1,35.5,1,0,14.4542,C,Mr,1,2,0,No,2660,N,-1
978,,3,0,27.0,0,0,7.8792,Q,Mrs,1,1,0,No,330844,N,-1
979,,3,0,18.0,0,0,8.05,S,Miss,0,1,1,A/4,31416,N,-1
980,,3,0,35.0,0,0,7.75,Q,Mrs,1,1,0,No,364856,N,-1
981,,2,1,2.0,1,1,23.0,S,Master,0,3,0,No,29103,N,-1
982,,3,0,22.0,1,0,13.9,S,Mrs,1,2,0,No,347072,N,-1
983,,3,1,35.5,0,0,7.775,S,Mr,1,1,0,No,345498,N,-1
984,,1,0,27.0,1,2,52.0,S,Mrs,1,4,0,F.C.,12750,B,71
985,,3,1,35.5,0,0,8.05,S,Mr,1,1,0,No,376563,N,-1
986,,1,1,25.0,0,0,26.0,C,Mr,1,1,0,No,13905,N,-1
987,,3,1,25.0,0,0,7.7958,S,Mr,1,1,0,No,350033,N,-1
988,,1,0,76.0,1,0,78.85,S,Mrs,1,2,0,No,19877,C,46
989,,3,1,29.0,0,0,7.925,S,Mr,1,1,0,STON/O,3101268,N,-1
990,,3,0,20.0,0,0,7.8542,S,Miss,0,1,1,No,347471,N,-1
991,,3,1,33.0,0,0,8.05,S,Mr,1,1,0,A./5.,3338,N,-1
992,,1,0,43.0,1,0,55.4417,C,Mrs,1,2,0,No,11778,C,116
993,,2,1,27.0,1,0,26.0,S,Mr,1,2,0,No,228414,N,-1
994,,3,1,35.5,0,0,7.75,Q,Mr,1,1,0,No,365235,N,-1
995,,3,1,26.0,0,0,7.775,S,Mr,1,1,0,No,347070,N,-1
996,,3,0,16.0,1,1,8.5167,C,Miss,0,3,0,No,2625,N,-1
997,,3,1,28.0,0,0,22.525,S,Mr,1,1,0,C,4001,N,-1
998,,3,1,21.0,0,0,7.8208,Q,Mr,1,1,0,No,330920,N,-1
999,,3,1,35.5,0,0,7.75,Q,Mr,1,1,0,No,383162,N,-1
1000,,3,1,35.5,0,0,8.7125,S,Mr,1,1,0,No,3410,N,-1
1001,,2,1,18.5,0,0,13.0,S,Master,0,1,1,No,248734,F,0
1002,,2,1,41.0,0,0,15.0458,C,Mr,1,1,0,No,237734,N,-1
1003,,3,0,12.0,0,0,7.7792,Q,Miss,0,1,1,No,330968,N,-1
1004,,1,0,36.0,0,0,31.6792,C,Mrs,1,1,0,PC,17531,A,29
1005,,3,0,18.5,0,0,7.2833,Q,Miss,0,1,1,No,329944,N,-1
1006,,1,0,63.0,1,0,221.7792,S,Mrs,1,2,0,PC,17483,C,56
1007,,3,1,18.0,1,0,14.4542,C,Master,0,2,0,No,2680,N,-1
1008,,3,1,35.5,0,0,6.4375,C,Mr,1,1,0,No,2681,N,-1
1009,,3,0,1.0,1,1,16.7,S,Miss,0,3,0,PP,9549,G,6
1010,,1,1,36.0,0,0,75.2417,C,Mr,1,1,0,No,13050,C,6
1011,,2,0,29.0,1,0,26.0,S,Mrs,1,2,0,SC/AH,29037,N,-1
1012,,2,0,12.0,0,0,15.75,S,Miss,0,1,1,C.A.,33595,N,-1
1013,,3,1,35.5,1,0,7.75,Q,Mr,1,2,0,No,367227,N,-1
1014,,1,0,35.0,1,0,57.75,C,Mrs,1,2,0,No,13236,C,28
1015,,3,1,28.0,0,0,7.25,S,Mr,1,1,0,No,392095,N,-1
1016,,3,1,35.5,0,0,7.75,Q,Mr,1,1,0,No,368783,N,-1
1017,,3,0,17.0,0,1,16.1,S,Miss,0,2,0,No,371362,N,-1
1018,,3,1,22.0,0,0,7.7958,S,Mr,1,1,0,No,350045,N,-1
1019,,3,0,12.0,2,0,23.25,Q,Miss,0,3,0,No,367226,N,-1
1020,,2,1,42.0,0,0,13.0,S,Mr,1,1,0,No,211535,N,-1
1021,,3,1,24.0,0,0,8.05,S,Mr,1,1,0,No,342441,N,-1
1022,,3,1,32.0,0,0,8.05,S,Mr,1,1,0,STON/OQ.,369943,N,-1
1023,,1,1,53.0,0,0,28.5,C,Mr,1,1,0,No,113780,C,51
1024,,3,0,35.0,0,4,25.4667,S,Mrs,1,5,0,No,4133,N,-1
1025,,3,1,35.5,1,0,6.4375,C,Mr,1,2,0,No,2621,N,-1
1026,,3,1,43.0,0,0,7.8958,S,Mr,1,1,0,No,349226,N,-1
1027,,3,1,24.0,0,0,7.8542,S,Mr,1,1,0,No,350409,N,-1
1028,,3,1,26.5,0,0,7.225,C,Mr,1,1,0,No,2656,N,-1
1029,,2,1,26.0,0,0,13.0,S,Mr,1,1,0,No,248659,N,-1
1030,,3,0,23.0,0,0,8.05,S,Mrs,1,1,0,SOTON/OQ,392083,N,-1
1031,,3,1,40.0,1,6,46.9,S,Mr,1,8,0,CA,2144,N,-1
1032,,3,0,10.0,5,2,46.9,S,Miss,0,8,0,CA,2144,N,-1
1033,,1,0,33.0,0,0,151.55,S,Mrs,1,1,0,No,113781,N,-1
1034,,1,1,61.0,1,3,262.375,C,Mr,1,5,0,PC,17608,B,61
1035,,2,1,28.0,0,0,26.0,S,Mr,1,1,0,No,244358,N,-1
1036,,1,1,42.0,0,0,26.55,S,Mr,1,1,0,No,17475,N,-1
1037,,3,1,31.0,3,0,18.0,S,Mr,1,4,0,No,345763,N,-1
1038,,1,1,35.5,0,0,51.8625,S,Mr,1,1,0,No,17463,E,46
1039,,3,1,22.0,0,0,8.05,S,Mr,1,1,0,SC/A4,23568,N,-1
1040,,1,1,35.5,0,0,26.55,S,Mr,1,1,0,No,113791,N,-1
1041,,2,1,30.0,1,1,26.0,S,Mr,1,3,0,No,250651,N,-1
1042,,1,0,23.0,0,1,83.1583,C,Mrs,1,2,0,No,11767,C,54
1043,,3,1,35.5,0,0,7.8958,C,Mr,1,1,0,No,349255,N,-1
1044,,3,1,60.5,0,0,13.308538418079095,S,Mr,1,1,0,No,3701,N,-1
1045,,3,0,36.0,0,2,12.1833,S,Mrs,1,3,0,No,350405,N,-1
1046,,3,1,13.0,4,2,31.3875,S,Master,0,7,0,No,347077,N,-1
1047,,3,1,24.0,0,0,7.55,S,Mr,1,1,0,S.O./P.P.,752,N,-1
1048,,1,0,29.0,0,0,221.7792,S,Mrs,1,1,0,PC,17483,C,97
1049,,3,0,23.0,0,0,7.8542,S,Mrs,1,1,0,No,347469,N,-1
1050,,1,1,42.0,0,0,26.55,S,Mr,1,1,0,No,110489,D,22
1051,,3,0,26.0,0,2,13.775,S,Mrs,1,3,0,SOTON/O.Q.,3101315,N,-1
1052,,3,0,12.0,0,0,7.7333,Q,Miss,0,1,1,No,335432,N,-1
1053,,3,1,7.0,1,1,15.2458,C,Master,0,3,0,No,2650,N,-1
1054,,2,0,26.0,0,0,13.5,S,Mrs,1,1,0,No,220844,N,-1
1055,,3,1,35.5,0,0,7.0,S,Mr,1,1,0,No,343271,N,-1
1056,,2,1,41.0,0,0,13.0,S,Mr,1,1,0,No,237393,N,-1
1057,,3,0,26.0,1,1,22.025,S,Mrs,1,3,0,No,315153,N,-1
1058,,1,1,48.0,0,0,50.4958,C,Mr,1,1,0,PC,17591,B,10
1059,,3,1,18.0,2,2,34.375,S,Master,0,5,0,W./C.,6608,N,-1
1060,,1,0,35.0,0,0,27.7208,C,Mrs,1,1,0,No,17770,N,-1
1061,,3,0,22.0,0,0,8.9625,S,Mrs,1,1,0,No,7548,N,-1
1062,,3,1,35.5,0,0,7.55,S,Mr,1,1,0,S.O./P.P.,251,N,-1
1063,,3,1,27.0,0,0,7.225,C,Mr,1,1,0,No,2670,N,-1
1064,,3,1,23.0,1,0,13.9,S,Mr,1,2,0,No,347072,N,-1
1065,,3,1,35.5,0,0,7.2292,C,Mr,1,1,0,No,2673,N,-1
1066,,3,1,40.0,1,5,31.3875,S,Mr,1,7,0,No,347077,N,-1
1067,,2,0,15.0,0,2,39.0,S,Miss,0,3,0,No,29750,N,-1
1068,,2,0,20.0,0,0,36.75,S,Miss,0,1,1,C.A.,33112,N,-1
1069,,1,1,54.0,1,0,55.4417,C,Mr,1,2,0,No,11778,C,116
1070,,2,0,36.0,0,3,39.0,S,Mrs,1,4,0,No,230136,F,4
1071,,1,0,64.0,0,2,83.1583,C,Mrs,1,3,0,PC,17756,E,45
1072,,2,1,30.0,0,0,13.0,S,Mr,1,1,0,No,233478,N,-1
1073,,1,1,37.0,1,1,83.1583,C,Mr,1,3,0,PC,17756,E,52
1074,,1,0,18.0,1,0,53.1,S,Miss,0,2,0,No,113773,D,30
1075,,3,1,35.5,0,0,7.75,Q,Mr,1,1,0,No,7935,N,-1
1076,,1,0,27.0,1,1,247.5208,C,Mrs,1,3,0,PC,17558,B,59
1077,,2,1,40.0,0,0,16.0,S,Mr,1,1,0,No,239059,N,-1
1078,,2,0,21.0,0,1,21.0,S,Mrs,1,2,0,S.O./P.P.,2,N,-1
1079,,3,1,17.0,2,0,8.05,S,Master,0,3,0,A/4,48873,N,-1
1080,,3,0,12.0,8,2,69.55,S,Miss,0,11,0,CA.,2343,N,-1
1081,,2,1,40.0,0,0,13.0,S,Mr,1,1,0,No,28221,N,-1
1082,,2,1,34.0,1,0,26.0,S,Mr,1,2,0,No,226875,N,-1
1083,,1,1,35.5,0,0,26.0,S,Mr,1,1,0,No,111163,N,-1
1084,,3,1,11.5,1,1,14.5,S,Master,0,3,0,A/5.,851,N,-1
1085,,2,1,61.0,0,0,12.35,Q,Mr,1,1,0,No,235509,N,-1
1086,,2,1,8.0,0,2,32.5,S,Master,0,3,0,No,28220,N,-1
1087,,3,1,33.0,0,0,7.8542,S,Mr,1,1,0,No,347465,N,-1
1088,,1,1,6.0,0,2,134.5,C,Master,0,3,0,No,16966,E,34
1089,,3,0,18.0,0,0,7.775,S,Miss,0,1,1,No,347066,N,-1
1090,,2,1,23.0,0,0,10.5,S,Mr,1,1,0,C.A.,31030,N,-1
1091,,3,0,35.0,0,0,8.1125,S,Mrs,1,1,0,No,65305,N,-1
1092,,3,0,12.0,0,0,15.5,Q,Miss,0,1,1,No,36568,N,-1
1093,,3,1,0.33,0,2,14.4,S,Master,0,3,0,No,347080,N,-1
1094,,1,1,47.0,1,0,227.525,C,Mr,1,2,0,PC,17757,C,63
1095,,2,0,8.0,1,1,26.0,S,Miss,0,3,0,No,26360,N,-1
1096,,2,1,25.0,0,0,10.5,S,Mr,1,1,0,C.A.,34050,N,-1
1097,,1,1,35.5,0,0,25.7417,C,Mr,1,1,0,F.C.,12998,N,-1
1098,,3,0,35.0,0,0,7.75,Q,Mrs,1,1,0,No,9232,N,-1
1099,,2,1,24.0,0,0,10.5,S,Mr,1,1,0,No,28034,N,-1
1100,,1,0,33.0,0,0,27.7208,C,Mrs,1,1,0,PC,17613,A,11
1101,,3,1,25.0,0,0,7.8958,S,Mr,1,1,0,No,349250,N,-1
1102,,3,1,32.0,0,0,22.525,S,Mr,1,1,0,C,4001,N,-1
1103,,3,1,35.5,0,0,7.05,S,Mr,1,1,0,SOTON/O.Q.,3101308,N,-1
1104,,2,1,17.0,0,0,73.5,S,Master,0,1,1,S.O.C.,14879,N,-1
1105,,2,0,60.0,1,0,26.0,S,Mrs,1,2,0,No,24065,N,-1
1106,,3,0,38.0,4,2,7.775,S,Mrs,1,7,0,No,347091,N,-1
1107,,1,1,42.0,0,0,42.5,S,Mr,1,1,0,No,113038,B,11
1108,,3,0,12.0,0,0,7.8792,Q,Miss,0,1,1,No,330924,N,-1
1109,,1,1,57.0,1,1,164.8667,S,Mr,1,3,0,No,36928,N,-1
1110,,1,0,50.0,1,1,211.5,C,Mrs,1,3,0,No,113503,C,80
1111,,3,1,35.5,0,0,8.05,S,Mr,1,1,0,No,32302,N,-1
1112,,2,0,30.0,1,0,13.8583,C,Mrs,1,2,0,SC/PARIS,2148,N,-1
1113,,3,1,21.0,0,0,8.05,S,Mr,1,1,0,No,342684,N,-1
1114,,2,0,22.0,0,0,10.5,S,Mrs,1,1,0,W./C.,14266,F,33
1115,,3,1,21.0,0,0,7.7958,S,Mr,1,1,0,No,350053,N,-1
1116,,1,0,53.0,0,0,27.4458,C,Mrs,1,1,0,PC,17606,N,-1
1117,,3,0,35.0,0,2,15.2458,C,Mrs,1,3,0,No,2661,N,-1
1118,,3,1,23.0,0,0,7.7958,S,Mr,1,1,0,No,350054,N,-1
1119,,3,0,12.0,0,0,7.75,Q,Miss,0,1,1,No,370368,N,-1
1120,,3,1,40.5,0,0,15.1,S,Mr,1,1,0,C.A.,6212,N,-1
1121,,2,1,36.0,0,0,13.0,S,Mr,1,1,0,No,242963,N,-1
1122,,2,1,14.0,0,0,65.0,S,Master,0,1,1,No,220845,N,-1
1123,,1,0,21.0,0,0,26.55,S,Mrs,1,1,0,No,113795,N,-1
1124,,3,1,21.0,1,0,6.4958,S,Mr,1,2,0,No,3101266,N,-1
1125,,3,1,35.5,0,0,7.8792,Q,Mr,1,1,0,No,330971,N,-1
1126,,1,1,39.0,1,0,71.2833,C,Mr,1,2,0,PC,17599,C,85
1127,,3,1,20.0,0,0,7.8542,S,Master,0,1,1,No,350416,N,-1
1128,,1,1,64.0,1,0,75.25,C,Mr,1,2,0,No,110813,D,37
1129,,3,1,20.0,0,0,7.225,C,Master,0,1,1,No,2679,N,-1
1130,,2,0,18.0,1,1,13.0,S,Miss,0,3,0,No,250650,N,-1
1131,,1,0,48.0,1,0,106.425,C,Mrs,1,2,0,PC,17761,C,86
1132,,1,0,55.0,0,0,27.7208,C,Mrs,1,1,0,No,112377,N,-1
1133,,2,0,45.0,0,2,30.0,S,Mrs,1,3,0,No,237789,N,-1
1134,,1,1,45.0,1,1,134.5,C,Mr,1,3,0,No,16966,E,34
1135,,3,1,35.5,0,0,7.8875,S,Mr,1,1,0,No,3470,N,-1
1136,,3,1,13.5,1,2,23.45,S,Master,0,4,0,W./C.,6607,N,-1
1137,,1,1,41.0,1,0,51.8625,S,Mr,1,2,0,No,17464,D,21
1138,,2,0,22.0,0,0,21.0,S,Mrs,1,1,0,F.C.C.,13534,N,-1
1139,,2,1,42.0,1,1,32.5,S,Mr,1,3,0,No,28220,N,-1
1140,,2,0,29.0,1,0,26.0,S,Mrs,1,2,0,No,26707,N,-1
1141,,3,0,35.0,1,0,14.4542,C,Mrs,1,2,0,No,2660,N,-1
1142,,2,0,0.92,1,2,27.75,S,Miss,0,4,0,C.A.,34651,N,-1
1143,,3,1,20.0,0,0,7.925,S,Master,0,1,1,SOTON/O2,3101284,N,-1
1144,,1,1,27.0,1,0,136.7792,C,Mr,1,2,0,No,13508,C,89
1145,,3,1,24.0,0,0,9.325,S,Mr,1,1,0,No,7266,N,-1
1146,,3,1,32.5,0,0,9.5,S,Mr,1,1,0,No,345775,N,-1
1147,,3,1,35.5,0,0,7.55,S,Mr,1,1,0,C.A.,42795,N,-1
1148,,3,1,35.5,0,0,7.75,Q,Mr,1,1,0,AQ/4,3130,N,-1
1149,,3,1,28.0,0,0,8.05,S,Mr,1,1,0,No,363611,N,-1
1150,,2,0,19.0,0,0,13.0,S,Miss,0,1,1,No,28404,N,-1
1151,,3,1,21.0,0,0,7.775,S,Mr,1,1,0,No,345501,N,-1
1152,,3,1,36.5,1,0,17.4,S,Mr,1,2,0,No,345572,N,-1
1153,,3,1,21.0,0,0,7.8542,S,Mr,1,1,0,No,350410,N,-1
1154,,2,0,29.0,0,2,23.0,S,Mrs,1,3,0,No,29103,N,-1
1155,,3,0,1.0,1,1,12.1833,S,Miss,0,3,0,No,350405,N,-1
1156,,2,1,30.0,0,0,12.7375,C,Mr,1,1,0,C.A.,34644,N,-1
1157,,3,1,35.5,0,0,7.8958,S,Mr,1,1,0,No,349235,N,-1
1158,,1,1,35.5,0,0,1.0,S,Mr,1,1,0,No,112051,N,-1
1159,,3,1,35.5,0,0,7.55,S,Mr,1,1,0,C.A.,49867,N,-1
1160,,3,0,12.0,0,0,8.05,S,Miss,0,1,1,A.,39186,N,-1
1161,,3,1,17.0,0,0,8.6625,S,Master,0,1,1,No,315095,N,-1
1162,,1,1,46.0,0,0,75.2417,C,Mr,1,1,0,No,13050,C,6
1163,,3,1,35.5,0,0,7.75,Q,Mr,1,1,0,No,368573,N,-1
1164,,1,0,26.0,1,0,136.7792,C,Mrs,1,2,0,No,13508,C,89
1165,,3,0,12.0,1,0,15.5,Q,Miss,0,2,0,No,370371,N,-1
1166,,3,1,35.5,0,0,7.225,C,Mr,1,1,0,No,2676,N,-1
1167,,2,0,20.0,1,0,26.0,S,Miss,0,2,0,No,236853,N,-1
1168,,2,1,28.0,0,0,10.5,S,Mr,1,1,0,SC,14888,N,-1
1169,,2,1,40.0,1,0,26.0,S,Mr,1,2,0,No,2926,N,-1
1170,,2,1,30.0,1,0,21.0,S,Mr,1,2,0,CA,31352,N,-1
1171,,2,1,22.0,0,0,10.5,S,Mr,1,1,0,W./C.,14260,N,-1
1172,,3,0,23.0,0,0,8.6625,S,Mrs,1,1,0,No,315085,N,-1
1173,,3,1,0.75,1,1,13.775,S,Master,0,3,0,SOTON/O.Q.,3101315,N,-1
1174,,3,0,12.0,0,0,7.75,Q,Miss,0,1,1,No,364859,N,-1
1175,,3,0,9.0,1,1,15.2458,C,Miss,0,3,0,No,2650,N,-1
1176,,3,0,2.0,1,1,20.2125,S,Miss,0,3,0,No,370129,N,-1
1177,,3,1,36.0,0,0,7.25,S,Mr,1,1,0,A/5,21175,N,-1
1178,,3,1,35.5,0,0,7.25,S,Mr,1,1,0,SOTON/O.Q.,3101314,N,-1
1179,,1,1,24.0,1,0,82.2667,S,Mr,1,2,0,No,21228,B,45
1180,,3,1,35.5,0,0,7.2292,C,Mr,1,1,0,No,2655,F,0
1181,,3,1,35.5,0,0,8.05,S,Mr,1,1,0,A/5,1478,N,-1
1182,,1,1,35.5,0,0,39.6,S,Mr,1,1,0,PC,17607,N,-1
1183,,3,0,30.0,0,0,6.95,Q,Mrs,1,1,0,No,382650,N,-1
1184,,3,1,35.5,0,0,7.2292,C,Mr,1,1,0,No,2652,N,-1
1185,,1,1,53.0,1,1,81.8583,S,Mr,1,3,0,No,33638,A,34
1186,,3,1,36.0,0,0,9.5,S,Mr,1,1,0,No,345771,N,-1
1187,,3,1,26.0,0,0,7.8958,S,Mr,1,1,0,No,349202,N,-1
1188,,2,0,1.0,1,2,41.5792,C,Miss,0,4,0,SC/Paris,2123,N,-1
1189,,3,1,35.5,2,0,21.6792,C,Mr,1,3,0,No,2662,N,-1
1190,,1,1,30.0,0,0,45.5,S,Mr,1,1,0,No,113801,N,-1
1191,,3,1,29.0,0,0,7.8542,S,Mr,1,1,0,No,347467,N,-1
1192,,3,1,32.0,0,0,7.775,S,Mr,1,1,0,No,347079,N,-1
1193,,2,1,35.5,0,0,15.0458,C,Mr,1,1,0,No,237735,D,0
1194,,2,1,43.0,0,1,21.0,S,Mr,1,2,0,S.O./P.P.,2,N,-1
1195,,3,1,24.0,0,0,8.6625,S,Mr,1,1,0,No,315092,N,-1
1196,,3,0,12.0,0,0,7.75,Q,Miss,0,1,1,No,383123,N,-1
1197,,1,0,64.0,1,1,26.55,S,Mrs,1,3,0,No,112901,B,26
1198,,1,1,30.0,1,2,151.55,S,Mr,1,4,0,No,113781,C,24
1199,,3,1,0.83,0,1,9.35,S,Master,0,2,0,No,392091,N,-1
1200,,1,1,55.0,1,1,93.5,S,Mr,1,3,0,No,12749,B,69
1201,,3,0,45.0,1,0,14.1083,S,Mrs,1,2,0,No,350026,N,-1
1202,,3,1,18.0,0,0,8.6625,S,Master,0,1,1,No,315091,N,-1
1203,,3,1,22.0,0,0,7.225,C,Mr,1,1,0,No,2658,N,-1
1204,,3,1,35.5,0,0,7.575,S,Mr,1,1,0,LP,1588,N,-1
1205,,3,0,37.0,0,0,7.75,Q,Mrs,1,1,0,No,368364,N,-1
1206,,1,0,55.0,0,0,135.6333,C,Mrs,1,1,0,PC,17760,C,32
1207,,3,0,17.0,0,0,7.7333,Q,Miss,0,1,1,AQ/3.,30631,N,-1
1208,,1,1,57.0,1,0,146.5208,C,Mr,1,2,0,PC,17569,B,78
1209,,2,1,19.0,0,0,10.5,S,Master,0,1,1,No,28004,N,-1
1210,,3,1,27.0,0,0,7.8542,S,Mr,1,1,0,No,350408,N,-1
1211,,2,1,22.0,2,0,31.5,S,Mr,1,3,0,C.A.,31029,N,-1
1212,,3,1,26.0,0,0,7.775,S,Mr,1,1,0,No,347075,N,-1
1213,,3,1,25.0,0,0,7.2292,C,Mr,1,1,0,No,2654,F,0
1214,,2,1,26.0,0,0,13.0,S,Mr,1,1,0,No,244368,F,2
1215,,1,1,33.0,0,0,26.55,S,Mr,1,1,0,No,113790,N,-1
1216,,1,0,39.0,0,0,211.3375,S,Mrs,1,1,0,No,24160,N,-1
1217,,3,1,23.0,0,0,7.05,S,Mr,1,1,0,SOTON/O.Q.,3101309,N,-1
1218,,2,0,12.0,2,1,39.0,S,Miss,0,4,0,No,230136,F,4
1219,,1,1,46.0,0,0,79.2,C,Mr,1,1,0,PC,17585,N,-1
1220,,2,1,29.0,1,0,26.0,S,Mr,1,2,0,No,2003,N,-1
1221,,2,1,21.0,0,0,13.0,S,Mr,1,1,0,No,236854,N,-1
1222,,2,0,48.0,0,2,36.75,S,Mrs,1,3,0,C.A.,33112,N,-1
1223,,1,1,39.0,0,0,29.7,C,Mr,1,1,0,PC,17580,A,18
1224,,3,1,35.5,0,0,7.225,C,Mr,1,1,0,No,2684,N,-1
1225,,3,0,19.0,1,1,15.7417,C,Miss,0,3,0,No,2653,N,-1
1226,,3,1,27.0,0,0,7.8958,S,Mr,1,1,0,No,349229,N,-1
1227,,1,1,30.0,0,0,26.0,S,Mr,1,1,0,No,110469,C,106
1228,,2,1,32.0,0,0,13.0,S,Mr,1,1,0,No,244360,N,-1
1229,,3,1,39.0,0,2,7.2292,C,Mr,1,3,0,No,2675,N,-1
1230,,2,1,25.0,0,0,31.5,S,Mr,1,1,0,C.A.,31029,N,-1
1231,,3,1,13.5,0,0,7.2292,C,Master,0,1,1,No,2622,N,-1
1232,,2,1,18.0,0,0,10.5,S,Master,0,1,1,C.A.,15185,N,-1
1233,,3,1,32.0,0,0,7.5792,S,Mr,1,1,0,No,350403,N,-1
1234,,3,1,35.5,1,9,69.55,S,Mr,1,11,0,CA.,2343,N,-1
1235,,1,0,58.0,0,1,512.3292,C,Mrs,1,2,0,PC,17755,B,53
1236,,3,1,13.5,1,1,14.5,S,Master,0,3,0,A/5.,851,N,-1
1237,,3,0,16.0,0,0,7.65,S,Miss,0,1,1,No,348125,N,-1
1238,,2,1,26.0,0,0,13.0,S,Mr,1,1,0,No,237670,N,-1
1239,,3,0,38.0,0,0,7.2292,C,Mrs,1,1,0,No,2688,N,-1
1240,,2,1,24.0,0,0,13.5,S,Mr,1,1,0,No,248726,N,-1
1241,,2,0,31.0,0,0,21.0,S,Mrs,1,1,0,F.C.C.,13528,N,-1
1242,,1,0,45.0,0,1,63.3583,C,Mrs,1,2,0,PC,17759,D,11
1243,,2,1,25.0,0,0,10.5,S,Mr,1,1,0,F.C.C.,13540,N,-1
1244,,2,1,18.0,0,0,73.5,S,Master,0,1,1,S.O.C.,14879,N,-1
1245,,2,1,49.0,1,2,65.0,S,Mr,1,4,0,No,220845,N,-1
1246,,3,0,0.17,1,2,20.575,S,Miss,0,4,0,C.A.,2315,N,-1
1247,,1,1,50.0,0,0,26.0,S,Mr,1,1,0,No,113044,E,60
1248,,1,0,59.0,2,0,51.4792,S,Mrs,1,3,0,No,11769,C,101
1249,,3,1,35.5,0,0,7.8792,S,Mr,1,1,0,No,1222,N,-1
1250,,3,1,35.5,0,0,7.75,Q,Mr,1,1,0,No,368402,N,-1
1251,,3,0,30.0,1,0,15.55,S,Mrs,1,2,0,No,349910,N,-1
1252,,3,1,14.5,8,2,69.55,S,Master,0,11,0,CA.,2343,N,-1
1253,,2,0,24.0,1,1,37.0042,C,Mrs,1,3,0,S.C./PARIS,2079,N,-1
1254,,2,0,31.0,0,0,21.0,S,Mrs,1,1,0,CA,31352,N,-1
1255,,3,1,27.0,0,0,8.6625,S,Mr,1,1,0,No,315083,N,-1
1256,,1,0,25.0,1,0,55.4417,C,Mrs,1,2,0,No,11765,E,50
1257,,3,0,35.0,1,9,69.55,S,Mrs,1,11,0,CA.,2343,N,-1
1258,,3,1,35.5,1,0,14.4583,C,Mr,1,2,0,No,2689,N,-1
1259,,3,0,22.0,0,0,39.6875,S,Mrs,1,1,0,No,3101295,N,-1
1260,,1,0,45.0,0,1,59.4,C,Mrs,1,2,0,No,112378,N,-1
1261,,2,1,29.0,0,0,13.8583,C,Mr,1,1,0,SC/PARIS,2147,N,-1
1262,,2,1,21.0,1,0,11.5,S,Mr,1,2,0,No,28133,N,-1
1263,,1,0,31.0,0,0,134.5,C,Mrs,1,1,0,No,16966,E,40
1264,,1,1,49.0,0,0,1.0,S,Mr,1,1,0,No,112058,B,54
1265,,2,1,44.0,0,0,13.0,S,Mr,1,1,0,No,248746,N,-1
1266,,1,0,54.0,1,1,81.8583,S,Mrs,1,3,0,No,33638,A,34
1267,,1,0,45.0,0,0,262.375,C,Mrs,1,1,0,PC,17608,N,-1
1268,,3,0,22.0,2,0,8.6625,S,Mrs,1,3,0,No,315152,N,-1
1269,,2,1,21.0,0,0,11.5,S,Mr,1,1,0,No,29107,N,-1
1270,,1,1,55.0,0,0,50.0,S,Mr,1,1,0,No,680,C,39
1271,,3,1,5.0,4,2,31.3875,S,Master,0,7,0,No,347077,N,-1
1272,,3,1,35.5,0,0,7.75,Q,Mr,1,1,0,No,366713,N,-1
1273,,3,1,26.0,0,0,7.8792,Q,Mr,1,1,0,No,330910,N,-1
1274,,3,0,35.0,0,0,14.5,S,Mrs,1,1,0,No,364498,N,-1
1275,,3,0,19.0,1,0,16.1,S,Miss,0,2,0,No,376566,N,-1
1276,,2,1,35.5,0,0,12.875,S,Mr,1,1,0,SC/PARIS,2159,N,-1
1277,,2,0,24.0,1,2,65.0,S,Mrs,1,4,0,No,220845,N,-1
1278,,3,1,24.0,0,0,7.775,S,Mr,1,1,0,No,349911,N,-1
1279,,2,1,57.0,0,0,13.0,S,Mr,1,1,0,No,244346,N,-1
1280,,3,1,21.0,0,0,7.75,Q,Mr,1,1,0,No,364858,N,-1
1281,,3,1,6.0,3,1,21.075,S,Master,0,5,0,No,349909,N,-1
1282,,1,1,23.0,0,0,93.5,S,Mr,1,1,0,No,12749,B,24
1283,,1,0,51.0,0,1,39.4,S,Mrs,1,2,0,PC,17592,D,28
1284,,3,1,13.0,0,2,20.25,S,Master,0,3,0,C.A.,2673,N,-1
1285,,2,1,47.0,0,0,10.5,S,Mr,1,1,0,C.A.,30769,N,-1
1286,,3,1,29.0,3,1,22.025,S,Mr,1,5,0,No,315153,N,-1
1287,,1,0,18.0,1,0,60.0,S,Miss,0,2,0,No,13695,C,31
1288,,3,1,24.0,0,0,7.25,Q,Mr,1,1,0,No,371109,N,-1
1289,,1,0,48.0,1,1,79.2,C,Mrs,1,3,0,No,13567,B,41
1290,,3,1,22.0,0,0,7.775,S,Mr,1,1,0,No,347065,N,-1
1291,,3,1,31.0,0,0,7.7333,Q,Mr,1,1,0,No,21332,N,-1
1292,,1,0,30.0,0,0,164.8667,S,Mrs,1,1,0,No,36928,C,7
1293,,2,1,38.0,1,0,21.0,S,Mr,1,2,0,No,28664,N,-1
1294,,1,0,22.0,0,1,59.4,C,Mrs,1,2,0,No,112378,N,-1
1295,,1,1,17.0,0,0,47.1,S,Master,0,1,1,No,113059,N,-1
1296,,1,1,43.0,1,0,27.7208,C,Mr,1,2,0,No,17765,D,40
1297,,2,1,20.0,0,0,13.8625,C,Master,0,1,1,SC/PARIS,2166,D,38
1298,,2,1,23.0,1,0,10.5,S,Mr,1,2,0,No,28666,N,-1
1299,,1,1,50.0,1,1,211.5,C,Mr,1,3,0,No,113503,C,80
1300,,3,0,12.0,0,0,7.7208,Q,Miss,0,1,1,No,334915,N,-1
1301,,3,0,3.0,1,1,13.775,S,Miss,0,3,0,SOTON/O.Q.,3101315,N,-1
1302,,3,0,12.0,0,0,7.75,Q,Miss,0,1,1,No,365237,N,-1
1303,,1,0,37.0,1,0,90.0,Q,Mrs,1,2,0,No,19928,C,78
1304,,3,0,28.0,0,0,7.775,S,Mrs,1,1,0,No,347086,N,-1
1305,,3,1,35.5,0,0,8.05,S,Mr,1,1,0,A.5.,3236,N,-1
1306,,1,0,39.0,0,0,108.9,C,Mr,1,1,0,PC,17758,C,105
1307,,3,1,38.5,0,0,7.25,S,Mr,1,1,0,SOTON/O.Q.,3101262,N,-1
1308,,3,1,35.5,0,0,8.05,S,Mr,1,1,0,No,359309,N,-1
1309,,3,1,13.5,1,1,22.3583,C,Master,0,3,0,No,2668,N,-1
